

SET SQL_MODE="NO_AUTO_VALUE_ON_ZERO";

CREATE TABLE `boxes` (
  `id_box` int(11) NOT NULL auto_increment,
  `id_caso` int(11) NOT NULL,
  `titulo_1` varchar(255) collate latin1_general_ci NOT NULL,
  `fontes_1` text collate latin1_general_ci NOT NULL,
  `conteudo_1` text collate latin1_general_ci NOT NULL,
  `titulo_2` varchar(255) collate latin1_general_ci NOT NULL,
  `fontes_2` text collate latin1_general_ci NOT NULL,
  `conteudo_2` text collate latin1_general_ci NOT NULL,
  PRIMARY KEY  (`id_box`)
) ENGINE=MyISAM  DEFAULT CHARSET=latin1 COLLATE=latin1_general_ci AUTO_INCREMENT=8 ;

--
-- Dumping data for table `boxes`
--

INSERT INTO `boxes` (`id_box`, `id_caso`, `titulo_1`, `fontes_1`, `conteudo_1`, `titulo_2`, `fontes_2`, `conteudo_2`) VALUES
(5, 5, 'LEI MARIA DA PENHA', '', 'A vigência da Lei Maria da Penha introduz um novo encaminhamento jurídico dos crimes de violência contra a mulher. A nova lei autoriza, em caso de lesão corporal, que o agressor seja processado, independentemente de a vítima prestar queixa ou não. Antes da lei, a ação pública só podia ser movida caso a vítima prestasse queixa. \r\n', 'SERVIÇOS DE ATENDIMENTO À MULHER', '', 'Muitos municípios oferecem serviços de atendimento à mulher, como delegacias especializadas e serviços de assistência social, psicológica e jurídica. Em relação à guarda dos filhos e divórcio, a mulher pode ser encaminhada às defensorias públicas municipais. Em caso de risco extremo de vitimização, as mulheres e seus filhos podem ser encaminhados a abrigos de proteção. \r\n\r\n\r\n'),
(6, 6, 'ALGUNS PROCEDIMENTOS PARA A REVISTA DE VEÍCULOS', '\r\nFonte: Manual de abordagem a veículos e edificações - Claudio Armando Ferraz, pg 47 de Procedimentos Fundamentais. ISP e Nota de Instrução Nº 04 de 1996, Polícia Militar do Rio de Janeiro.\r\n\r\n', '\r\nPrestar atenção aos lugares onde possam estar escondidas armas ou objetos que representem perigo. Tipo porta-luvas, porta-malas, console, embaixo dos bancos, etc. \r\n\r\nAnotar a placa e as características do veículo e conferir se é roubado ou furtado. \r\n\r\nManter os ocupantes carro à vista e estar atento a possíveis rotas de fuga. \r\n\r\nManter-se à vista de pelo menos um dos ocupantes do veículo e zelar pela transparência da operação. ', 'NOVA LEI DE DROGAS', 'Fonte: O usuário e a nova lei de drogas: apontamentos preliminares para pesquisa. Frederico Policarpo de Mendonça Filho. Trabalho apresentado na 26ª. Reunião Brasileira de Antropologia, realizada entre os dias 01 e 04 de junho, Porto Seguro, Bahia, Brasil.\r\n', 'Com a nova lei sobre drogas, o porte deixa de prever pena de prisão para o usuário. Mas continua caracterizando crime. \r\n\r\nO procedimento penal continua o mesmo: o indivíduo flagrado utilizando ou portando drogas é levado à delegacia, antes de ser encaminhado ao Juizado Especial Criminal. \r\n\r\nAs medidas a que o usuário passa a estar sujeito são: advertência verbal sobre os efeitos das drogas, prestação de serviços à comunidade, comparecimento a programa ou curso educativo e pagamento de multa, caso não cumpra nenhuma das medidas anteriores. \r\n\r\nOs traficantes continuam sendo julgados pelas varas criminais comuns, mas o tempo mínimo de prisão aumenta de três para cinco anos.\r\n'),
(7, 18, 'Comportamento do agressor', 'Princípios Básicos sobre a utilização da força e de armas de fogo pelos funcionários responsáveis pela aplicação da lei. Nações Unidas. Havana, Cuba, 1990//Armas de Fogo - Usos e Cuidados – Universidade De Illinois – Federal Law Enforcement Training Center – O Modelo “Fletc” do Uso da Força’. Tenente Coronel Antonio Carlos Carballo Blanco. Polícia Militar do Estado do Rio de Janeiro, 1997//‘Uso não-letal da força na ação policial: formação, tecnologia e intervenção governamental’. Wilquerson Felizardo Sandes. Revista Brasileira de Segurança Pública, ano 1, Edição 2, 2007.//Curso Básico de Sensibilização – Polícia Comunitária. Rio de Janeiro: SSP/ UERJ, 1999. Trechos do Módulo II, p. 1/12 e 2/12.\r\n\r\n', '    Um dos modelos de Uso da Força adotados pelos cursos de formação policial do Brasil é o FLECT.\r\n    Segundo esse modelo, o comportamento de agressor pode ter cinco níveis de periculosidade: submissão, resistência passiva, resistência ativa, agressão física não letal e agressão física letal. E, para cada nível, uma resposta policial: verbalização, contato físico, imobilização, força não letal e força letal, respectivamente.\r\n    Mas a verdade é que cada situação de uso da força tem características próprias. Ao policial, só resta mesmo procurar agir sempre com proporcionalidade e legalidade.\r\n    Afinal, se há, por exemplo,  pessoas próximas à cena, automóveis em circulação, residências com crianças nas calçadas, saídas de escolas, etc., o confronto armado é algo potencialmente trágico.\r\n    Então, para preservar a vida humana, o melhor é procurar usar meios não violentos sempre que possível. O uso da arma de fogo é parte do trabalho do policial, mas só se deve recorrer a ele caso todo o resto se mostre ineficaz. \r\n', '', '', '');

-- --------------------------------------------------------

--
-- Table structure for table `campanhas`
--

CREATE TABLE `campanhas` (
  `id_campanha` int(11) NOT NULL auto_increment,
  `titulo` varchar(255) collate latin1_general_ci NOT NULL,
  `descricao` text collate latin1_general_ci NOT NULL,
  `termometro` int(11) NOT NULL,
  `variacao_bom` int(11) NOT NULL,
  `variacao_medio` int(11) NOT NULL,
  `variacao_ruim` int(11) NOT NULL,
  PRIMARY KEY  (`id_campanha`)
) ENGINE=MyISAM  DEFAULT CHARSET=latin1 COLLATE=latin1_general_ci AUTO_INCREMENT=2 ;

--
-- Dumping data for table `campanhas`
--

INSERT INTO `campanhas` (`id_campanha`, `titulo`, `descricao`, `termometro`, `variacao_bom`, `variacao_medio`, `variacao_ruim`) VALUES
(1, '', '', 40, 6, -5, -10);

-- --------------------------------------------------------

--
-- Table structure for table `campanhas_casos`
--

CREATE TABLE `campanhas_casos` (
  `id_campanha` int(11) NOT NULL,
  `id_caso` int(11) NOT NULL
) ENGINE=MyISAM DEFAULT CHARSET=latin1 COLLATE=latin1_general_ci;

--
-- Dumping data for table `campanhas_casos`
--

INSERT INTO `campanhas_casos` (`id_campanha`, `id_caso`) VALUES
(1, 18),
(1, 6),
(1, 5);

-- --------------------------------------------------------

--
-- Table structure for table `casos`
--

CREATE TABLE `casos` (
  `id_caso` int(10) unsigned NOT NULL auto_increment,
  `titulo` varchar(255) NOT NULL,
  `descricao` text NOT NULL,
  `resumo` text character set latin1 collate latin1_general_ci NOT NULL,
  `termometro` int(11) NOT NULL,
  `variacao_bom` int(11) NOT NULL,
  `variacao_medio` int(11) NOT NULL,
  `variacao_ruim` int(11) NOT NULL,
  PRIMARY KEY  (`id_caso`)
) ENGINE=InnoDB  DEFAULT CHARSET=latin1 AUTO_INCREMENT=19 ;

--
-- Dumping data for table `casos`
--

INSERT INTO `casos` (`id_caso`, `titulo`, `descricao`, `resumo`, `termometro`, `variacao_bom`, `variacao_medio`, `variacao_ruim`) VALUES
(5, 'Violência Contra a Mulher', '    A cada quinze segundos, uma mulher brasileira é espancada. A cada cinco brasileiras, uma já sofreu violência por parte de um homem. O custo total da violência doméstica pode chegar a 2% do PIB de um país. Violência contra a mulher é um problema gravíssimo.\r\n    Existem alguns estereótipos sobre as mulheres vítimas de violência. Mas isso é apenas uma forma de se responsabilizar a vítima pela violência que ela mesma sofreu. Na realidade, qualquer mulher está sujeita à violência doméstica, independentemente de cor, classe, idade ou orientação sexual.\r\n    A responsabilidade pela violência não deve ser atribuída à mulher que apanha, mas ao ambiente e à pessoa que a produzem. E, nesse caso, também não se pode estereotipar. Violência não é uma atitude típica de bêbados ou de drogados. Quem bate em mulher é simplesmente quem bate em mulher. \r\n ', '', 50, 6, -5, -10),
(6, 'Abordagem de Veículos', '    Uma situação de abordagem demanda conhecimentos tanto sobre revista pessoal quanto sobre a revista de veículos.\r\n    É por isso que, ao fazer uma abordagem, o policial precisa ter, além do conhecimento técnico necessário, uma boa dose de bom senso. Afinal, é preciso estar preparado para lidar com um público nem sempre colaborativo.\r\n    De fato, é o policial quem detém o conhecimento dos procedimentos de abordagem, ao passo que as pessoas muitas vezes não sabem como se comportar nesta situação.\r\n    Por isso, é importante explicar ao cidadão abordado o objetivo da operação e a natureza do trabalho policial. É uma coisa trivial, mas que, se deixada de lado, pode tornar tudo mais difícil. \r\n', '', 50, 6, -5, -10),
(18, 'Roubo', '    Um caso de roubo é uma típica ocorrência policial, já que envolve crime, perseguição, uso da arma, aplicação da lei, etc.\r\n    E, como tudo isso pode ocorrer em um lugar de grande circulação de pessoas, o policial deve ter cuidado redobrado: atenção especial à segurança do público, zelo pela própria segurança e cuidado com a integridade física do infrator.\r\n    É importante que o policial não perca de vista o fato de que a proteção aos cidadãos é sempre seu principal dever. Desconsiderar isso implica em sujeitar-se a acusações de ilegalidade, abuso de poder, violência, imprudência, etc.\r\n    Por isso, esse caso oferece a oportunidade de se exercitar o uso qualificado, proporcional, comedido e profissional da força.   ', '', 50, 6, -5, -10);

-- --------------------------------------------------------

--
-- Table structure for table `dicas`
--

CREATE TABLE `dicas` (
  `id_dica` int(10) unsigned NOT NULL auto_increment,
  `id_caso` int(11) default NULL,
  `id_situacao` int(10) unsigned NOT NULL,
  `titulo` varchar(255) NOT NULL,
  `texto` text NOT NULL,
  PRIMARY KEY  (`id_dica`)
) ENGINE=InnoDB  DEFAULT CHARSET=latin1 AUTO_INCREMENT=24 ;

--
-- Dumping data for table `dicas`
--

INSERT INTO `dicas` (`id_dica`, `id_caso`, `id_situacao`, `titulo`, `texto`) VALUES
(1, 6, 121, 'Teste', 'teste'),
(2, 6, 121, 'Testes', 'testes'),
(8, 6, 273, 'DICA 1 ', '\r\n\r\nÔ, Militar! Na hora da abordagem, não dá para perder de vista a sua integridade física! \r\n\r\n'),
(9, 6, 276, 'DICA 2 ', '\r\n\r\nCamarada, camarada... \r\n\r\nSaber usar a autoridade na medida certa é uma arte...\r\n'),
(10, 6, 277, 'autoridade', '\r\n\r\nCamarada, camarada... \r\n\r\nSaber usar a autoridade na medida certa é uma arte...\r\n'),
(11, 6, 278, 'autoridade', '\r\n\r\nCamarada, camarada... \r\n\r\nSaber usar a autoridade na medida certa é uma arte...\r\n'),
(12, 6, 279, 'autoridade', '\r\n\r\nCamarada, camarada... \r\n\r\nSaber usar a autoridade na medida certa é uma arte...\r\n'),
(13, 18, 284, 'Dica 1', 'Atenção, aqui, camarada! Numa emergência, é o princípio da oportunidade que ganha uma importância especial! Mas é claro que tem outros...|Uso da Força|casos/caso_18/documentos/10 legis força arma.pdf\r\n'),
(14, 18, 365, 'Oportunidade', 'Importante: em uma situação emergencial, o princípio da oportunidade é um dos mais importantes. Mas não é o único a ser respeitado.\r\n'),
(15, 5, 36, 'níveis de risco à vítima', 'O policial deve estar atento aos fatores que podem influenciar os níveis de risco à vítima. Existência de arma de fogo na residência, caso anterior de agressão, dominação da mulher pelo homem e ameaça do marido à mulher em caso de tentativa de separação são exemplos. \r\n'),
(16, 5, 28, 'níveis de risco à vítima', 'O policial deve estar atento aos fatores que podem influenciar os níveis de risco à vítima. Existência de arma de fogo na residência, caso anterior de agressão, dominação da mulher pelo homem e ameaça do marido à mulher em caso de tentativa de separação são exemplos. \r\n'),
(17, 5, 32, 'níveis de risco à vítima', 'O policial deve estar atento aos fatores que podem influenciar os níveis de risco à vítima. Existência de arma de fogo na residência, caso anterior de agressão, dominação da mulher pelo homem e ameaça do marido à mulher em caso de tentativa de separação são exemplos. \r\n'),
(18, 5, 40, 'níveis de risco à vítima', 'O policial deve estar atento aos fatores que podem influenciar os níveis de risco à vítima. Existência de arma de fogo na residência, caso anterior de agressão, dominação da mulher pelo homem e ameaça do marido à mulher em caso de tentativa de separação são exemplos. '),
(19, 6, 376, 'Integridade física', 'Atenção: em uma situação de abordagem, o policial jamais deve perder de vista o zelo por sua própria integridade física. \r\n'),
(20, 6, 379, 'autoridade', '\r\nUma das qualidades de um bom policial é fazer o uso equilibrado e profissional de sua autoridade. \r\n'),
(21, 6, 380, 'autoridade', 'Uma das qualidades de um bom policial é fazer o uso equilibrado e profissional de sua autoridade. \r\n'),
(22, 6, 381, 'autoridade', 'Uma das qualidades de um bom policial é fazer o uso equilibrado e profissional de sua autoridade. \r\n'),
(23, 6, 382, 'autoridade', 'Uma das qualidades de um bom policial é fazer o uso equilibrado e profissional de sua autoridade. \r\n');

-- --------------------------------------------------------

--
-- Table structure for table `documentos`
--

CREATE TABLE `documentos` (
  `id_documento` int(10) unsigned NOT NULL auto_increment,
  `id_caso` int(10) unsigned NOT NULL,
  `nome` varchar(120) NOT NULL,
  `titulo` varchar(500) character set latin1 collate latin1_general_ci default NULL,
  `titulo_adaptado` varchar(500) character set latin1 collate latin1_general_ci default NULL,
  `url` varchar(255) character set latin1 collate latin1_general_ci default NULL,
  `descricao` text NOT NULL,
  `palavras_chave` text character set latin1 collate latin1_general_ci NOT NULL,
  PRIMARY KEY  USING BTREE (`id_documento`)
) ENGINE=InnoDB  DEFAULT CHARSET=latin1 AUTO_INCREMENT=94 ;

--
-- Dumping data for table `documentos`
--

INSERT INTO `documentos` (`id_documento`, `id_caso`, `nome`, `titulo`, `titulo_adaptado`, `url`, `descricao`, `palavras_chave`) VALUES
(7, 5, '1 - estereotipos de genero.pdf', 'Os estereótipos de gênero nos processos judiciais e a violência contra a mulher na legislação', 'Estereótipos de gênero', 'www.ipas.org.br', 'A autora fala sobre as consequências da violência doméstica para a sociedade; analisando alguns dados e suas implicações. E percebe como os estereótipos femininos e masculinos vão sendo reproduzidos pelos juízes nos processos de estupro.\r\n', 'artigo acadêmico; estereótipos; estupros'),
(8, 5, '', 'Tratado internacional - Convenção sobre a eliminação de todas as formas de discriminação contra a mulher (1979)\r\n', 'Tratado internacional (1979)\r\n', 'http://www.pge.sp.gov.br/centrodeestudos/bibliotecavirtual/instrumentos/discrimulher.htm', 'Declaração sobre a eliminação da discriminação contra a mulher - adotada pela resolução 34/180 da Assembléia Geral das Nações Unidas e 18.12.1979 e ratificada pelo Brasil em 01.02.1984\r\n', 'tratado;legislação\r\n'),
(10, 5, '', 'A violência contra a mulher no âmbito familiar vista sob a ótica da Lei 9099/ 95\r\n', 'A violência contra a mulher e a Lei 9099', 'http://www.direitonet.com.br/artigos/x/26/13/2613/', 'Analisa a posição da vítima da violência doméstica frente a lei 9099/95 que apresenta uma solução formal quanto ao procedimento relegando a vítima a um papel secundário\r\n', 'artigo; violência contra a mulher\r\n'),
(11, 5, '', 'Lei N° 11340 de 7 de agosto de 2006, Lei Maria da Penha\r\n', 'Lei Maria da Penha\r\n', 'http://www.planalto.gov.br/ccivil_03/_Ato2004-2006/2006/Lei/L11340.htm', 'Cria mecanismos para coibir a violência doméstica e familiar contra a mulher.\r\n', 'lei;lei, violência familiar, doméstica\r\n\r\n'),
(12, 5, '5 - Cartilha SOS Mulher.pdf', 'Cartilha para mulher em situação de violência\r\n', 'Cartilha SOS Mulher', 'http://www.wmulher.com.br/template.asp?canal=relacionamento&id_mater=1769', 'Cartilha que indica como mulheres em casos de violência devem agir.\r\n', 'cartilha, violência, mulher\r\n'),
(13, 5, '20 - Relatório sobre violência.pdf', 'Relatório de pesquisa: Violência doméstica contra a mulher\r\n', 'Relatório sobre a violência', '', 'Pesquisa de opinião pública feita com mulheres para caracterizar a violência contra a mulher\r\n', 'pesquisa; violência contra a mulher\r\n'),
(14, 5, '', 'Violência e gênero\r\n', 'Violência e gênero\r\n', 'http://200.189.113.52/vigiepi/boletim/Primavera_2002/genero.htm', 'Gráficos com dados de atendimentos de mulheres vítimas de violência no estado do Paraná\r\n', 'pesquisa; violência contra a mulher\r\n'),
(15, 5, '', 'Cartilha da mulher\r\n', 'Cartilha do CEDIM', '', 'Tem como objetivo conscientizar e oreintar as mulheres vítimimas de violência. \r\n', 'cartilha; violência; mulher; RJ\r\n'),
(16, 5, '', 'Caso Eloá - Eloá, 15 anos, assassinada pelo namorado\r\n', 'Caso Eloá', 'http://www.violenciamulher.org.br/apc-aa-patriciagalvao/home/index.shtml', 'artigo analisando que o caso da menina Eloá se encaixa num caso de violência contra a mulher, onde o parceiro se sente proprietário da pessoa\r\n', 'artigo; violência contra mulher'),
(17, 5, '', 'Violência contra a mulher\r\n', 'Violência contra a mulher', 'http://www.portaldafamilia.org/artigos/artigo323.shtml', 'artigo que fala sobre a violência contra a mulher\r\n', 'artigo; violência contra a mulher\r\n\r\n'),
(18, 5, '', 'TJ inaugura novas instalações do Juizado de Violência contra a Mulher\r\n', 'Juizado de Violência contra mulher', 'http://jbonline.terra.com.br/extra/2008/10/21/e211026051.html', 'reportaagem que mostra que foi inaugurada nova instalação do TJ contra a violência contra a mulher\r\n', 'reportagem; violência contra a mulher\r\n'),
(19, 5, '7 - Relatório SEPM 2006 a 2007.pdf', 'Enfrentamento à violência contra a mulher\r\n', 'Relatório SEPM 2006 a 2007', '', 'Balanço das ações de 2006 a 2007 do governo federal\r\n', 'relatório\r\n'),
(20, 5, '8 - Efeitos da Violência na saúde.pdf', 'IV Fórum interprofissional sobre atendimento da mulher vítima de violência sexual\r\n', 'Efeitos da violência na saúde', '', 'O documento afirma que a partir desse fórum houve uma maior discussão do atendimento imediato em delegacias de polícia e serviços médicos de emergência. \r\n', ''),
(21, 5, '', 'Para servir e proteger\r\n', 'Para servir e proteger', 'http://www.icrc.org/Web/por/sitepor0.nsf/html/268E7A93483581FD03257110006637B5?OpenDocument&Style=Custo_Final.3&View=defaultBody14', 'Manual de instrutores sobre direitos humanos e Direitos Internacional Humanitário para forças policiais e de segurança - CICV\r\n', 'manual;cicv, direitos humanos; direito internacional\r\n\r\n'),
(22, 5, '', 'O que é violência contra a mulher?\r\n', 'O que é violência contra a mulher?', 'http://thor.ibam.org.br/viomulher/inforel9.htm', 'artigo que fornece informações e conceitos sobre a violência contra a mulher.\r\n', 'artigo; violência contra a mulher\r\n\r\n'),
(23, 5, '12 - Manual APAV - parte 2.pdf', 'Manual alcipe. Para o atendimento a mulheres vítimas de violência Parte 2\r\n', 'Manual APAV Parte 2', '', 'Formação e informação no combate è violência exercida contra as mulheres \r\n', 'manual\r\n'),
(24, 5, '11 - Manual APAV - parte 1.pdf', 'Manual alcipe. Para o atendimento a mulheres vítimas de violência. Parte 1\r\n', 'Manual APAV Parte 1', '', 'Formação e informação no combate è violência exercida contra as mulheres\r\n', 'manual\r\n'),
(25, 5, '', 'O que não estamos conseguindo alterar na questão da violência contra a mulher?\r\n', 'O que não estamos conseguindo alterar?', '', 'questiona políticas públicas e faz uma análise crítica\r\n', 'artigo; violência contra a mulher\r\n\r\n'),
(26, 5, '13 - Manual Lei Maria da Penha.pdf', 'Manual da lei Maria da Penha\r\n', 'Manual Lei Maria da Penha', '', 'manual sobre a lei, explica o que a mulher e as pessoas em geral devem fazer nesses casos de violência \r\n', 'manual; lei; violência contra a mulher\r\n\r\n'),
(28, 5, '', 'Aumenta registro de casos de violência contra a mulher\r\n', 'Aumento de registros de violência contra mulher', 'http://oglobo.globo.com/rio/mat/2007/03/05/294799617.asp', 'registra que houve aumento nos casos de violência contra a mulher no ano de 2007\r\n', 'reportagem; casos violência contra a mulher\r\n\r\n'),
(29, 5, '28 - Manual ISP.pdf', 'Lista com locais de serviços, DEAMs e juízados.\r\n', 'Manual lSP ', '', 'lista desses serviços no Rio de Janeiro\r\n', 'manual; centros de atendimento\r\n'),
(30, 5, '15 - Violência e Políticas Públicas.pdf', 'Violência contra a mulher e políticas públicas\r\n', 'Violência e Políticas Públicas', '', 'pesquisa investigativa sobre homicídios a vários tipos de mulheres\r\n', 'artigo; violência contra a mulher\r\n\r\n'),
(31, 5, '35 - Avaliação dos riscos.pdf', 'Dicas para avaliação do grau de risco\r\n', 'Avaliação dos Riscos  ', '', 'São 12 perguntas para guiar o policial na valiação do grau de risco,. O gráfico foi retirado do CESEC e o modelo é baseado em relatos de mulheres que viveram situações de risco.\r\n', 'manual; procedimentos\r\n'),
(32, 5, '16 - Dados da Saúde.pdf', 'Caracterização dos casos de violência doméstica contra a mulher atendidos em dois hospitais públicos do Rio de Janeiro \r\n', 'Dados da saúde', '', 'pesquisa da área de saúde que os pesquisadores fizeram um levantamento dos atendimentos hospitalares das mulheres agredidas\r\n', 'artigo;violência contra a mulher\r\n\r\n'),
(33, 5, '', 'Violência contra a mulher - A delegacia de Natal: como funciona e as dificuldades que enfrenta\r\n', 'O caso da delegacia de Natal\r\n', 'http://www.dhnet.org.br/tecidosocial/anteriores/ts015/delegacia_mulher.htm', 'artigo que fala sobre as modificações no tratamento da mulher com a criação de delegacias especializadas (DEAMs) no Rio Grande do Norte\r\n', 'artigo;atendimento; violência contra mulher;\r\n\r\n'),
(35, 5, '', 'Centros de atendimento para mulheres vítimas de violência\r\n', 'Centros de atendimento para mulheres ', 'http://www.ibam.org.br/viomulher/inforel7.htm', 'O documento traz algumas instruções básicas para vítimas de violência sexual ou doméstica; consta ainda alguns endereços e telefones de centros de atendimento no Rio de Janeiro, Pará e Rio Grande do Sul.\r\n', 'artigo;atendimento; violência contra mulher\r\n\r\n'),
(37, 5, '', 'Código Penal\r\n', 'Código Penal', '', 'Código Penal\r\n', 'legislação; código penal; ameaça\r\n'),
(38, 5, '32 - Lei N° 4898.pdf', 'Lei 4.898 - Abuso de Autoridade\r\n', 'Abuso de Autoridade ', '', 'Lei 4.898 - Abuso de Autoridade\r\n', 'legislação; abuso de autoridade\r\n'),
(39, 5, '33 - Mitos.pdf', 'Mitos Violência Contra Mulher\r\n', 'Mitos Violência Contra Mulher', '', 'Mitos sobre a violência contra a mulher\r\n', 'mitos; apanhar; classe social; família; provocar; drogas; álcool; cartilha\r\n\r\n'),
(40, 5, '34 - Ciclos da violência.pdf', 'Ciclos da Violência\r\n', 'Ciclos da Violência ', '', 'Como se dão os ciclos da violência contra a mulher\r\n', 'cartilha; ciclo da violência \r\n'),
(41, 5, '', 'Dicas para a avaliação do Risco\r\n', 'Dicas para a avaliação do Risco ', '', 'Dicas de como avaliar o risco que a mulher em situação de violência pode estar sofrendo.\r\n', 'avaliação; riscos; cartilha\r\n\r\n'),
(42, 5, '29 - Aguentar relacionamento violento.pdf', 'Por que as mulheres aguentam tanto tempo um relacionamento violento\r\n', 'Aguentar relacionamento violento ', '', 'Explicações de porque as mulheres aguentam tanto tempo uma relação violenta\r\n', 'cartilha; relacionamento violento; aguentar\r\n'),
(43, 5, '10 - Manual CESEC.pdf', 'Enfrentando a Violência contra a mulher\r\n', 'Manual CESEC ', '', 'Cartilha para orientação de profissionais para o atendimento de mulher vítimas de violência doméstica. \r\n', 'cartilha; atendimento; mulher; violência; ciclo da violência; riscos\r\n'),
(44, 6, '', 'A incompreendida abordagem policial\r\n\r\n', 'A incompreendida abordagem policial ', 'http://www.universopolicial.com/2008/11/incompreendida-abordagem-policial.html ', 'Obra de ficção que mostra o cotidiano do policial ao abordar um veículo suspeito\r\n', 'conto; procedimentos para blitz\r\n'),
(45, 6, 'abordagem de veículos ocupados por infratores da lei.pdf', 'Abordagem a veículo ocupado por infrator(es) da lei.\r\n', 'Veículos ocupados por infrator ', '', 'Descrição de ações e resultados esperados em uma abordagem de veículos.\r\n', 'guia; abordagem; veículos\r\n'),
(46, 6, '', 'Abordagem policial "Blitz" e os direitos do cidadão\r\n', 'Direitos do cidadão em blitz ', 'http://www.uj.com.br/publicacoes/doutrinas/default.asp?action=doutrina&coddou=3807 ', 'Autor fala sobre os direitos dos cidadãos em blitz, para que não haja abuso de poder polícial\r\n', 'artigo; abordagem policial; abuso de poder\r\n'),
(47, 6, 'Abordagem_Policial_tania_pinc cc.pdf', 'Abordagem Policial: avaliação do desempenho operacional frente à nova dinâmica dos padrões procedimentais\r\n', 'Avaliação do desempenho operacional ', '', 'Estudo sobre as formas de abordagem policial\r\n', 'artigo; técnicas de abordagem policial\r\n'),
(48, 6, '', 'Abusos de autoridade policial - blitz e revista corporal\r\n', 'Abusos da autoridade policial ', 'http://forum.jus.uol.com.br/56007/abusos-de-autoridades-policiais-blitz-e-revista-corporal/ ', 'um civil pergunta se é comum e correto o policial, durante uma blitz, revistar e tratar a pessoa como criminoso sem haver a menor suspeita. respondem advogados e policial\r\n', 'procedimentos; blitz\r\n'),
(50, 6, 'CodTransito.pdf', 'Artigo 23 do Código de Trânsito\r\n', 'Código de Trânsito ', '', 'As atribuições das Polícias Militares dos estados no trânsito. \r\n', 'trânsito; polícias militares '),
(51, 6, '', 'Acórdãos do Tribunal - caso de pessoa pega com drogas numa revista policial\r\n', 'Flagrante em uma revista policial ', 'http://www.tjmg.gov.br/juridico/jt_/inteiro_teor.jsp?tipoTribunal=1&comrCodigo=525&ano=0&txt_processo=600&complemento=1&sequencial=0&palavrasConsulta=corroborados&todas=&expressao=&qualquer=&sem=&radical= ', 'Michel Coelho Viana, de Pouso Alegre, MG, foi parado e um blitz e sofreu revista policial. Ele foi surpreendido trazendo consigo 21,0 g (vinte e um gramas) da substância denominada Cannabis Sativa Lineu, popularmente conhecida como maconha. ', 'resumo de tribunal; suspeições; policial; blitz\r\n\r\n'),
(53, 6, '2 - Manual ISP.pdf', 'Manual de abordagem a veículos e edificações\r\n', 'Manual ISP', '', 'Técnicas policiais de abordagem a veículos\r\n', 'manual; procedimento; isp; abordagem de veículos\r\n'),
(54, 6, '3 - curriculo do ena.pdf', 'Currículo do ENA\r\n', 'Currículo do ENA', '', 'Currículo do estágio de noções de abordagem\r\n', 'abordagem; policial; currículo\r\n'),
(55, 6, '', 'http://www.brjcomunicacao.com.br/projetos/ronda/www/admin/login.php', 'Projeto de lei Nº 267/99', 'http://alerjln1.alerj.rj.gov.br/scpro99.nsf/dae85f46f020c57003256bc60068cf57/e49f23e99e594e8c0325674d00679dc6?OpenDocument', 'Projeto de lei que propõe a criação de um relatório de abordagem de veículos\r\n', 'abordagem; veículos; lei\r\n'),
(56, 6, '', 'Treinamento do BOPE deixa Polícia Militar em saia-justa \r\n', 'BOPE discorda de tática da PM', 'http://g1.globo.com/Noticias/Rio/0,,MUL648973-5606,00.html', 'Notícia de que o TEN CEL do BOPE não concordou com a tática de abordagem apresentada pela PM.\r\n', 'notícia\r\n'),
(57, 6, '', 'Pesquisa questiona critérios da abordagem policial no Rio de Janeiro\r\n', 'Pesquisa sobre abordagem no RJ', 'http://www.desarme.org/publique/cgi/cgilua.exe/sys/start.htm?sid=26&infoid=4407', 'Entrevista com Silvia Ramos do CESEC sobre os resultados de pesquisa que foi realizada sobre a abordagem policial no RJ.\r\n', 'entrevista; pesquisa; abordagem; veículos\r\n'),
(58, 6, '', 'Cartilha ensina procedimentos durante revista ou blitz policial no Rio\r\n', 'Cartilha sobre blitz', 'http://www1.folha.uol.com.br/folha/cotidiano/ult95u61113.shtml', 'Iniciativa do Programa Parceria Cidadã, junto da Secretaria de Segurança Pública do Rio, lança uma cartilha com o que se deve fazer durante uma blitz\r\n', 'reportagem; procedimentos; blitz\r\n'),
(59, 6, '12 - Resumo de monografia sobre abordagem.pdf', 'Interface Crítica da Policia Militar\r\n', 'Resumo de monografia sobre abordagem', '', 'Resumo da monografia do Major, que possui diversos capítulos sobre abordagem policial, sobre conscientização dos direitos humanos, Polícia Cidadã, entre outros\r\n', 'técnicas; abordagem; monografia\r\n'),
(60, 6, '13 - Uso da força e da ostensividade.pdf', 'Uso da força e ostensividade na ação policial\r\n', 'Uso da força e da ostensividade', '', 'Texto sobre a ação policial e o uso de abordagens ofensivas, seja em blitze, ou em situações de confrontamento\r\n', 'artigo; técnica; abordagem'),
(61, 6, '15 - Abordagem Pessoal.pdf', 'Abordagem Pessoal\r\n', 'Abordagem Pessoal ', '', 'Abordagem pessoal: como o policial deve se aproximar do indivíduo, como realizar a revista pessoal, como verbalizar (anunciar) a abordagem, orientação e planejamento da revista, procedimentos e técnicas\r\n', 'manual; procedimentos; abordagem policial\r\n\r\n'),
(62, 6, '16 - o usuário e a nova lei de drogas.pdf', 'O usuário e a nova lei de drogas: apontamentos preliminares para a pesquisa\r\n', 'O usuário e a nova lei de drogas ', '', 'A problemática da nova lei sobre usuário de drogas\r\n', 'artigo acadêmico; usuário de drogas; nova lei de drogas\r\n\r\n'),
(63, 6, '17 - Artigo 309 do CTBrasileiro - direção com CNH vencida.pdf', 'Artigo 309 do Código de Trânsito Brasileiro e direção com CNH vencida\r\n', 'Artigo 309 do CTBrasileiro - direção com CNH vencida ', '', 'Discorre sobre a infração que ocorre quando se dirige com a habilitação vencida de acordo com o artigo do Código de Trânsito Brasileiro\r\n', 'artigo; legislação; habilitação vencida\r\n'),
(64, 6, '', 'Detran MS alerta sobre carteira de habilitação vencida\r\n', 'DETRAN alerta ', 'http://www.detran.ms.gov.br/noticias/noticia.asp?id=0073 ', 'Notícia que alerta que dirigir com habilitação vencida é infração gravíssima, e quais são as penalizações\r\n', 'reportagem; legislação; habilitação; vencida\r\n'),
(65, 6, '', 'Elemento Suspeito\r\n', 'Suspeição policial ', 'http://books.google.com.br/books?id=UOf4isR0Wr4C&pg=PA69&lpg=PA69&dq=%22suspei%C3%A7%C3%A3o+policial%22&source=web&ots=sficSfqmce&sig=VbAYf4yuz2gmmzzNGW9yd2tqYkU&hl=pt-BR&sa=X&oi=book_result&resnum=5&ct=result#PPA78,M1 ', 'Livro que fala sobre suspeição policial\r\n', 'elemento suspeito; suspeição; abordagem\r\n'),
(66, 6, '20 - Artigo 23 do Código de Trânsito.pdf', 'Artigo 23 do Código de Trânsito\r\n', 'Artigo 23 do Código de Trânsito ', '', 'Fala sobre as atribuições das Polícias Militares dos estados no trânsito. \r\n', 'artigo; código de trânsito'),
(67, 6, '', 'Dossiê Tortura - Blitz!\r\n', 'Dossiê Tortura - Blitz! ', 'http://www.revistapiaui.com.br/edicao_8/artigo_20/Blitz.aspx ', 'Uma crítica à avaliação das corporações policiais ao definir tipo suspeito e ao estado de direito no Brasil\r\n', 'reportagem; procedimentos policiais; blitz\r\n'),
(68, 6, '', 'Olho vivo\r\n', 'Olho vivo ', 'http://www.terra.com.br/istoe/1770/brasil/1770_olho_vivo.htm ', 'Como aparatos tecnológicos estão ajudando o policial na abordagem mais certeira de pessoas e veículos suspeitos, e como a população se sente com isso\r\n', 'reportagem; procedimentos policiais; blitz\r\n\r\n'),
(69, 6, '', 'Decreto Lei nº 48/95 de 15-03-1995 CÓDIGO PENAL\r\nLIVRO II - Parte especial - TÍTULO V - Dos crimes contra o Estado - CAPÍTULO II - Dos crimes contra a autoridade pública - SECÇÃO I - Da resistência e desobediência à autoridade pública - Artigo 348.º - Desobediência\r\n', 'Crime de desobediência ', 'http://bdjur.almedina.net/item.php?field=node_id&value=81764 ', 'O que caracteriza desobediência à autoridade, e qual a sua pena.\r\n', 'código penal; lei; desobediência à autoridade\r\n\r\n'),
(70, 6, '', 'LEI Nº 11.343, DE 23 DE AGOSTO DE 2006.\r\n', 'Lei nº 11.343 ', 'http://www.planalto.gov.br/ccivil_03/_Ato2004-2006/2006/Lei/L11343.htm ', 'lei que traz a discriminalização do usuário de drogas, em certa quantidade\r\n', 'lei; drogas'),
(71, 6, '27 -  porte de drogas.pdf', 'Porte de drogas e princípio da alteridade\r\n', 'Porte de drogas ', '', 'compara a antiga conduta da lei sobre as drogas, com a nova lei\r\n', 'drogas'),
(72, 6, '', 'Posse de drogas para consumo pessoal: crime, infração penal "sui generis", ou infração administrativa?\r\n', 'Posse de drogas para consumo pessoal ', 'http://jus2.uol.com.br/doutrina/texto.asp?id=9327 ', 'artigo comentando a nova lei sobre drogas, analisando seus artigos\r\n', 'artigo; drogas'),
(73, 6, '29 - NI nº 004 de 1996[1]prn.pdf', 'Nota de inscrição nº 004/96 - Suspeitas: abordagem pelo policial\r\n', 'Nota de inscrição nº 004/96  ', '', 'sobre os conceitos de suspeição, como o policial deve abordar\r\n', 'suspeição; lei'),
(74, 6, '30 - NI nº 007 de 2002.pdf', 'Nota de instrução nº 007/02\r\n', 'Nota de instrução nº 007/02 ', '', 'Revista a veículos diversos e seus procedimentos\r\n', 'revista'),
(75, 6, '31 - Inviolabilidade do domicílio.pdf', 'SEÇÃO II - DOS CRIMES CONTRA A INVIOLABILIDADE DO DOMICÍLIO\r\n\r\n', 'Inviolabilidade do domicílio ', '', 'Dispõe sobre as questões relacionadas aos direitos de inviolabilidade de domicílio.', ''),
(76, 18, '', 'O uso da arma pelo policial e a morte na porta da boate\r\n', 'Morte em porta de boate ', 'http://oglobo.globo.com/opiniao/mat/2008/06/29/o_uso_da_arma_pelo_policial_a_morte_na_porta_da_boate-547021407.asp ', 'A matéria fala sobre a necessidade de pauração no caso da morte do jovem Daniel em boate na Zona Sul por um policial. Faz uma breve abordagem sobre o uso de ramas de fogo.\r\n', 'arma de fogo; policial; artigo\r\n'),
(77, 18, '', 'REGULAMENTAÇÃO DO USO DE ARMA DE FOGO PELOS POLICIAIS CIVIS (ATIVOS E APOSENTADOS)\r\n', 'Regulamentação do uso de armas de fogo ', 'http://www.sintelpol.org.br/modules/news/article.php?storyid=15 ', 'A notícia fala sobre a regulamentação do uso de arma de fogo pelos policiais civis em São Paulo\r\n', 'arma de fogo; polícia civil; São Paulo; artigo\r\n'),
(78, 18, '', 'PORTARIA Nº 180, DE 28 DE JULHO DE 2004\r\n', 'Portaria 180 regula arma fogo ', 'http://www.pm.pi.gov.br/modules/tinycontent/index.php?id=14 ', 'Dispõe sobre o cadastro, aquisição, registro de armas de fogo e/ou munições, carga pessoal de arma de fogo da Corporação, transferência e porte institucional de arma de fogo para Policiais Militares do Estado do Piauí. \r\n\r\n', 'polícia militar; Piauí; portaria\r\n'),
(79, 18, '', 'PM morre após troca de tiros próximo à Linha Vermelha\r\n', 'Morte de PM em troca tiros ', 'http://oglobo.globo.com/rio/mat/2008/12/02/pm_morre_apos_troca_de_tiros_proximo_linha_vermelha-586814926.asp ', 'O policial militar Lindomar da Silva Simão, do Batalhão de Choque foi baleado durante troca de tiros com assaltantes que tentavam aplicar um sequestro-relâmpago, depois de já terem assaltado um empresário, e roubado um motorista. Pessoas passaram pelo local avisaram a policia o ocorrido, e os policiais tentaram fazer um bloqueio para surpreender a quadrilha, mas os bandidos resistiram, atirando.\r\n', 'reportagem; tiro; morte PM'),
(80, 18, '', 'O uso de arma de fogo no crime de roubo sempre ensejará a causa especial de aumento de pena prevista no art. 157, § 2°, inciso I, do Código Penal?\r\n', 'Aumento da pena para uso de arma de fogo ', 'http://jus2.uol.com.br/doutrina/texto.asp?id=11479 ', 'análise da lei que prevê que quem pratica roubo com arma de fogo tem sua pena aumentada\r\n', 'roubo; arma \r\n'),
(81, 18, '', 'Roubo: Arma de fogo: Pena: Aumento: Apreensão e perícia \r\n', 'Roubo de arma de fogo ', 'http://www.notadez.com.br/content/noticias.asp?id=33945 ', 'artigo que alerta para quando e como se pode aumentar a pena de quem pratica roubo com arma de fogo\r\n', 'roubo; arma \r\n'),
(82, 18, '', 'O uso de arma de fogo no crime de roubo\r\n', 'Uso de arma de fogo ', 'http://www.jusbrasil.com.br/noticias/222333/o-uso-de-arma-de-fogo-no-crime-de-roubo-henrique-goncalves-sanches ', 'artigo que relata toda a lei sobre a pena para quem rouba com arma de fogo e os usos da arma de fogo num roubo\r\n', 'roubo; arma \r\n'),
(83, 18, '', 'Guarda faz treinamento para uso de arma\r\n', 'Treinamento para uso de arma ', 'http://www.folhadaregiao.com.br/noticia?48467&PHPSESSID=8049b3ac47d96f0158d405793f2b9e80 ', 'A Guarda Civil Municipal de Birigüi iniciou treinamento para usar arma de fogo, para qualificar o guarda a usar a arma\r\n', 'reportagem; arma; treinamento'),
(84, 18, '10 legis força arma.pdf', 'PRINCÍPIOS BÁSICOS SOBRE O USO DA FORÇA E ARMAS DE FOGO PELOS FUNCIONÁRIOS RESPONSÁVEIS PELA APLICAÇÃO DA LEI\r\n', 'Legislação sobre o uso da arma ', '', 'mostra as resoluções das Nações Unidas sobre como a força e a arma de fogo devem ser usadas pelos policiais e demais agentes da lei\r\n', 'uso da força\r\n'),
(85, 18, '', 'A polícia e o uso da força: a palavra como arma \r\n', 'Palavra como arma ', 'http://www.forumseguranca.org.br/artigos/a-policia-e-o-uso-da-forca-a-palavra-como-arma ', 'Estuda a situação do uso da comunicação entre policial, cidadão e infrator da lei; como o policial deve agir e como age.\r\n', 'palavra; arma'),
(86, 18, '', 'Pesquisa Sobre o Uso de Força Letal por Policiais de São Paulo no ano de 2000 - RESUMO\r\n', 'pesquisa sobre uso da força letal na policia SP ', 'http://www.ouvidoria-policia.sp.gov.br/pages/UsoForLetal.htm ', 'A análise das estatísticas apresentadas indica que o uso da força letal pelos policiais do Estado de São Paulo em 2000, a exemplo do que ocorreu em 1999, também foi indiscriminado e não condizente com a diretriz traçada pela ONU\r\n', 'força; letal; estatística'),
(87, 18, '', 'Uso da Força Armada com Poderes de Polícia \r\n', 'Uso da força armada ', 'http://buenoecostanze.adv.br/index.php?option=com_content&task=view&id=2373&Itemid=96 ', 'Fala sobre o poder que é dado ao policial para usar a força em determinadas situações\r\n', 'força; polícia'),
(88, 18, '14 crimes vítimas e Policiais.pdf', 'Crimes, Vítimas e Policiais\r\n', 'Crimes, Vítimas e Policiais ', '', 'os autores analisam os motivos que levam as pessoas a procurarem ou não ajuda policial, em quais situações, etc\r\n', 'procedimentos; vítima; assalto\r\n'),
(89, 18, '', 'Seis assaltantes morrem em confrontos com a polícia\r\n', 'assaltantes morrem em confronto policia ', 'http://portal.rpc.com.br/gazetadopovo/vidaecidadania/conteudo.phtml?tl=1&id=802964&tit=Seis-assaltantes-morrem-em-confrontos-com-a-policia ', 'Quatro situações diferentes onde os policiais enfrentaram assaltantes e que resultaram na morte de seis deles\r\n', 'confronto armado; morte, assalto'),
(90, 18, '16 uso força nao letal ação policial.pdf', 'Uso não-letal da força na ação policial: formação, tecnologia e intervenção governamental\r\n', 'uso de força não letal na ação policial ', '', 'debate sobre o sistema de regulamentação do uso de armas de fogo nas práticas policiais\r\n', 'não-letal; ação policial; regulamentação; artigo'),
(91, 18, '17 estatuto desarmamento.pdf', 'Estatuto do Desarmamento - 2004\r\n', 'estatuto desarmamento ', '', 'estatuto que regulariza registro e uso de armas letais no Brasil\r\n', 'estatuto; desarmamento; lei'),
(92, 18, '18 armas usos e cuidados policiais.pdf', 'Armas de fogo - usos e cuidados\r\n', 'armas usos e cuidados policiais ', '', 'quando e como o policial deve atirar em situações de risco\r\n', 'artigo; arma; cuidados'),
(93, 18, '19 abordagem pessoa.pdf', 'Abordagem policial a pessoa(s) a pé\r\n', 'abordagem pessoa ', '', 'abordagem policial - posicionamento arma\r\n', 'manual; abordagem; arma');

-- --------------------------------------------------------

--
-- Table structure for table `historico`
--

CREATE TABLE `historico` (
  `id_historico` int(11) NOT NULL auto_increment,
  `datahora` timestamp NOT NULL default CURRENT_TIMESTAMP,
  `id_usuario` int(11) NOT NULL,
  `id_caso` int(11) NOT NULL,
  `id_campanha` int(11) NOT NULL,
  `nivel_inicial` int(11) NOT NULL,
  `nivel_final` int(11) NOT NULL,
  `opcoes` text collate latin1_general_ci NOT NULL,
  `variacoes_indicadores` text collate latin1_general_ci NOT NULL,
  PRIMARY KEY  (`id_historico`)
) ENGINE=MyISAM DEFAULT CHARSET=latin1 COLLATE=latin1_general_ci AUTO_INCREMENT=1 ;

--
-- Dumping data for table `historico`
--


-- --------------------------------------------------------

--
-- Table structure for table `indicadores`
--

CREATE TABLE `indicadores` (
  `id_indicador` int(10) unsigned NOT NULL auto_increment,
  `nome` varchar(255) NOT NULL,
  `descricao` text NOT NULL,
  `icone` varchar(120) NOT NULL,
  `nivel_max` float NOT NULL default '10',
  `nivel_min` float NOT NULL default '-10',
  `final_1` text character set latin1 collate latin1_general_ci NOT NULL,
  `final_2` text character set latin1 collate latin1_general_ci NOT NULL,
  `final_3` text character set latin1 collate latin1_general_ci NOT NULL,
  `final_4` text character set latin1 collate latin1_general_ci NOT NULL,
  `final_5` text character set latin1 collate latin1_general_ci NOT NULL,
  `final_6` text character set latin1 collate latin1_general_ci NOT NULL,
  PRIMARY KEY  (`id_indicador`)
) ENGINE=InnoDB  DEFAULT CHARSET=latin1 AUTO_INCREMENT=5 ;

--
-- Dumping data for table `indicadores`
--

INSERT INTO `indicadores` (`id_indicador`, `nome`, `descricao`, `icone`, `nivel_max`, `nivel_min`, `final_1`, `final_2`, `final_3`, `final_4`, `final_5`, `final_6`) VALUES
(1, 'Legalidade', 'Legalidade', '', 10, 0, '', '', '', '', '', ''),
(2, 'Legitimidade', 'Legitimidade', '', 10, 0, '', '', '', '', '', ''),
(3, 'Oportunidade', 'Oportunidade', '', 10, 0, '', '', '', '', '', ''),
(4, 'Propriedade', 'Propriedade', '', 10, 0, '', '', '', '', '', '');

-- --------------------------------------------------------

--
-- Table structure for table `indicadores_casos`
--

CREATE TABLE `indicadores_casos` (
  `id_indicador` int(10) unsigned NOT NULL,
  `id_caso` int(10) unsigned NOT NULL,
  `nivel_indicador` int(10) unsigned NOT NULL
) ENGINE=InnoDB DEFAULT CHARSET=latin1 COLLATE=latin1_general_ci;

--
-- Dumping data for table `indicadores_casos`
--

INSERT INTO `indicadores_casos` (`id_indicador`, `id_caso`, `nivel_indicador`) VALUES
(1, 1, 5),
(2, 1, 8),
(1, 2, 4),
(2, 2, 6),
(1, 3, 1),
(2, 3, 5),
(1, 7, 0),
(2, 7, 2),
(1, 8, 3),
(2, 8, 5),
(3, 8, 7),
(4, 8, 9),
(1, 7, 0),
(2, 7, 0),
(3, 7, 0),
(4, 7, 0),
(1, 8, 2),
(2, 8, 5),
(3, 8, 5),
(4, 8, 3),
(1, 9, 6),
(2, 9, 9),
(3, 9, 10),
(4, 9, 0),
(1, 10, 5),
(2, 10, 5),
(3, 10, 5),
(4, 10, 5),
(1, 11, 1),
(2, 11, 2),
(3, 11, 3),
(4, 11, 4),
(1, 16, 3),
(2, 16, 2),
(3, 16, 1),
(4, 16, 1),
(1, 17, 3),
(2, 17, 1),
(3, 17, 3),
(4, 17, 6),
(1, 6, 4),
(2, 6, 2),
(3, 6, 0),
(4, 6, 0),
(1, 5, 0),
(2, 5, 2),
(3, 5, 0),
(4, 5, 0),
(1, 18, 0),
(2, 18, 0),
(3, 18, 0),
(4, 18, 0);

-- --------------------------------------------------------

--
-- Table structure for table `indicadores_opcoes`
--

CREATE TABLE `indicadores_opcoes` (
  `id_indicador` int(10) unsigned NOT NULL,
  `id_opcao` int(10) unsigned NOT NULL,
  `nivel_indicador` float NOT NULL
) ENGINE=InnoDB DEFAULT CHARSET=latin1;

--
-- Dumping data for table `indicadores_opcoes`
--

INSERT INTO `indicadores_opcoes` (`id_indicador`, `id_opcao`, `nivel_indicador`) VALUES
(1, 18, -0.5),
(2, 18, -1),
(3, 18, 0.5),
(4, 18, 1),
(1, 20, -0.5),
(2, 20, 0.5),
(3, 20, 1),
(4, 20, -1),
(1, 19, -1),
(2, 19, 1),
(3, 19, -0.5),
(4, 19, 0),
(1, 26, 0.5),
(2, 26, 1),
(3, 26, 0.5),
(4, 26, 0.5),
(1, 30, -1),
(2, 30, -1),
(3, 30, -1),
(4, 30, -1),
(1, 34, 1),
(2, 34, 1),
(3, 34, 1),
(4, 34, 1),
(1, 36, 1),
(2, 36, 1),
(3, 36, 1),
(4, 36, 1),
(1, 37, 1),
(2, 37, 1),
(3, 37, 1),
(4, 37, 1),
(1, 50, 0.5),
(2, 50, -0.5),
(3, 50, 0.5),
(4, 50, 0.5),
(1, 58, 1),
(2, 58, 0.5),
(3, 58, -1),
(4, 58, 0.5),
(1, 61, 1),
(2, 61, 1),
(3, 61, 1),
(4, 61, 1),
(1, 65, -1),
(2, 65, -1),
(3, 65, -1),
(4, 65, -1),
(1, 71, 0.5),
(2, 71, 0.5),
(3, 71, 0.5),
(4, 71, 0.5),
(1, 80, 1),
(2, 80, 0.5),
(3, 80, -1),
(4, 80, 0.5),
(1, 86, 1),
(2, 86, 1),
(3, 86, 1),
(4, 86, 1),
(1, 89, 0.5),
(2, 89, 0.5),
(3, 89, 0.5),
(4, 89, 0.5),
(1, 92, 0.5),
(2, 92, 0.5),
(3, 92, 0.5),
(4, 92, 0.5),
(1, 93, 0),
(2, 93, 0),
(3, 93, 0),
(4, 93, 0),
(1, 95, 1),
(2, 95, 1),
(3, 95, 1),
(4, 95, 1),
(1, 96, 1),
(2, 96, 1),
(3, 96, 1),
(4, 96, 1),
(1, 97, 1),
(2, 97, 1),
(3, 97, 1),
(4, 97, 1),
(1, 98, 0),
(2, 98, 0),
(3, 98, 0),
(4, 98, 0),
(1, 100, 1),
(2, 100, 1),
(3, 100, 1),
(4, 100, 1),
(1, 101, 1),
(2, 101, 1),
(3, 101, 1),
(4, 101, 1),
(1, 102, -1),
(2, 102, -1),
(3, 102, -1),
(4, 102, -1),
(1, 103, 0),
(2, 103, 0),
(3, 103, 0),
(4, 103, 0),
(1, 94, 1),
(2, 94, 1),
(3, 94, 1),
(4, 94, 1),
(1, 99, 1),
(2, 99, 1),
(3, 99, 1),
(4, 99, 1),
(1, 104, 1),
(2, 104, 1),
(3, 104, 1),
(4, 104, 1),
(1, 105, 1),
(2, 105, 1),
(3, 105, 1),
(4, 105, 1),
(1, 106, 1),
(2, 106, 1),
(3, 106, 1),
(4, 106, 1),
(1, 107, -1),
(2, 107, 0.5),
(3, 107, -0.5),
(4, 107, -0.5),
(1, 108, 0),
(2, 108, 0),
(3, 108, 0),
(4, 108, 0),
(1, 109, 1),
(2, 109, 1),
(3, 109, 1),
(4, 109, 1),
(1, 110, 1),
(2, 110, 1),
(3, 110, 1),
(4, 110, 1),
(1, 111, 0.5),
(2, 111, -0.5),
(3, 111, -0.5),
(4, 111, -0.5),
(1, 112, 0),
(2, 112, 0),
(3, 112, 0),
(4, 112, 0),
(1, 113, 1),
(2, 113, 1),
(3, 113, 1),
(4, 113, 1),
(1, 114, 0.5),
(2, 114, 0.5),
(3, 114, 0.5),
(4, 114, 0.5),
(1, 115, -1),
(2, 115, -1),
(3, 115, -1),
(4, 115, -1),
(1, 116, 0),
(2, 116, 0),
(3, 116, 0),
(4, 116, 0),
(1, 117, -1),
(2, 117, -1),
(3, 117, -1),
(4, 117, -1),
(1, 118, 0),
(2, 118, 0),
(3, 118, 0),
(4, 118, 0),
(1, 119, 1),
(2, 119, 1),
(3, 119, 1),
(4, 119, 1),
(1, 120, 1),
(2, 120, 1),
(3, 120, 1),
(4, 120, 1),
(1, 121, -1),
(2, 121, -1),
(3, 121, -1),
(4, 121, -1),
(1, 122, 0),
(2, 122, 0),
(3, 122, 0),
(4, 122, 0),
(1, 123, 1),
(2, 123, 1),
(3, 123, 1),
(4, 123, 1),
(1, 124, -1),
(2, 124, -1),
(3, 124, -1),
(4, 124, -1),
(1, 125, 0),
(2, 125, 0),
(3, 125, 0),
(4, 125, 0),
(1, 126, 1),
(2, 126, 1),
(3, 126, 1),
(4, 126, 1),
(1, 127, 0.5),
(2, 127, 0.5),
(3, 127, 0.5),
(4, 127, -0.5),
(1, 128, 0.5),
(2, 128, -0.5),
(3, 128, -0.5),
(4, 128, -0.5),
(1, 129, 0),
(2, 129, 0),
(3, 129, 0),
(4, 129, 0),
(1, 130, 1),
(2, 130, 1),
(3, 130, 1),
(4, 130, 1),
(1, 131, 0.5),
(2, 131, 0.5),
(3, 131, 0.5),
(4, 131, -0.5),
(1, 132, 1),
(2, 132, 1),
(3, 132, 1),
(4, 132, 1),
(1, 133, -1),
(2, 133, 0.5),
(3, 133, -0.5),
(4, 133, -0.5),
(1, 134, 0),
(2, 134, 0),
(3, 134, 0),
(4, 134, 0),
(1, 135, 1),
(2, 135, 1),
(3, 135, 1),
(4, 135, 1),
(1, 136, 0.5),
(2, 136, 0.5),
(3, 136, 0.5),
(4, 136, -0.5),
(1, 137, 1),
(2, 137, 1),
(3, 137, 1),
(4, 137, 1),
(1, 138, 1),
(2, 138, 1),
(3, 138, 1),
(4, 138, 1),
(1, 139, 0),
(2, 139, 0),
(3, 139, 0),
(4, 139, 0),
(1, 140, 1),
(2, 140, 1),
(3, 140, 1),
(4, 140, 1),
(1, 141, 0.5),
(2, 141, 0.5),
(3, 141, 0.5),
(4, 141, -0.5),
(1, 142, 1),
(2, 142, 1),
(3, 142, 1),
(4, 142, 1),
(1, 143, -1),
(2, 143, -1),
(3, 143, -1),
(4, 143, -1),
(1, 144, 0),
(2, 144, 0),
(3, 144, 0),
(4, 144, 0),
(1, 145, 0.5),
(2, 145, 0.5),
(3, 145, 0.5),
(4, 145, -0.5),
(1, 146, 0.5),
(2, 146, 0.5),
(3, 146, 0.5),
(4, 146, -0.5),
(1, 147, 0.5),
(2, 147, -0.5),
(3, 147, -0.5),
(4, 147, -0.5),
(1, 148, 0),
(2, 148, 0),
(3, 148, 0),
(4, 148, 0),
(1, 149, 0.5),
(2, 149, 0.5),
(3, 149, 0.5),
(4, 149, -0.5),
(1, 150, 0.5),
(2, 150, 0.5),
(3, 150, 0.5),
(4, 150, -0.5),
(1, 151, -1),
(2, 151, -1),
(3, 151, -1),
(4, 151, -1),
(1, 152, 0),
(2, 152, 0),
(3, 152, 0),
(4, 152, 0),
(1, 153, 0.5),
(2, 153, 0.5),
(3, 153, 0.5),
(4, 153, -0.5),
(1, 154, 0.5),
(2, 154, 0.5),
(3, 154, 0.5),
(4, 154, -0.5),
(1, 155, 1),
(2, 155, 1),
(3, 155, 1),
(4, 155, 1),
(1, 156, 1),
(2, 156, 1),
(3, 156, 1),
(4, 156, 1),
(1, 157, 0),
(2, 157, 0),
(3, 157, 0),
(4, 157, 0),
(1, 158, 0.5),
(2, 158, 0.5),
(3, 158, 0.5),
(4, 158, -0.5),
(1, 159, 0.5),
(2, 159, 0.5),
(3, 159, 0.5),
(4, 159, -0.5),
(1, 160, 1),
(2, 160, 1),
(3, 160, 1),
(4, 160, 1),
(1, 161, -1),
(2, 161, -1),
(3, 161, -1),
(4, 161, -1),
(1, 162, 0),
(2, 162, 0),
(3, 162, 0),
(4, 162, 0),
(1, 163, 0.5),
(2, 163, 0.5),
(3, 163, 0.5),
(4, 163, -0.5),
(1, 164, 1),
(2, 164, 1),
(3, 164, 1),
(4, 164, 1),
(1, 165, 0.5),
(2, 165, -0.5),
(3, 165, -0.5),
(4, 165, -0.5),
(1, 166, 0),
(2, 166, 0),
(3, 166, 0),
(4, 166, 0),
(1, 167, 0.5),
(2, 167, 0.5),
(3, 167, 0.5),
(4, 167, -0.5),
(1, 168, -1),
(2, 168, -1),
(3, 168, -1),
(4, 168, -1),
(1, 169, 0),
(2, 169, 0),
(3, 169, 0),
(4, 169, 0),
(1, 170, 0.5),
(2, 170, 0.5),
(3, 170, 0.5),
(4, 170, -0.5),
(1, 171, 1),
(2, 171, 1),
(3, 171, 1),
(4, 171, 1),
(1, 172, 1),
(2, 172, 1),
(3, 172, 1),
(4, 172, 1),
(1, 173, 1),
(2, 173, 1),
(3, 173, 1),
(4, 173, 1),
(1, 174, 0),
(2, 174, 0),
(3, 174, 0),
(4, 174, 0),
(1, 175, 0.5),
(2, 175, 0.5),
(3, 175, 0.5),
(4, 175, -0.5),
(1, 176, 1),
(2, 176, 1),
(3, 176, 1),
(4, 176, 1),
(1, 177, 1),
(2, 177, 1),
(3, 177, 1),
(4, 177, 1),
(1, 178, -1),
(2, 178, 0.5),
(3, 178, -0.5),
(4, 178, -0.5),
(1, 179, 0),
(2, 179, 0),
(3, 179, 0),
(4, 179, 0),
(1, 180, 0.5),
(2, 180, 0.5),
(3, 180, 0.5),
(4, 180, -0.5),
(1, 181, 1),
(2, 181, 1),
(3, 181, 1),
(4, 181, 1),
(1, 182, 1),
(2, 182, 1),
(3, 182, 1),
(4, 182, 1),
(1, 183, -1),
(2, 183, -1),
(3, 183, -1),
(4, 183, -1),
(1, 184, 0),
(2, 184, 0),
(3, 184, 0),
(4, 184, 0),
(1, 185, 0.5),
(2, 185, 0.5),
(3, 185, 0.5),
(4, 185, -0.5),
(1, 186, 1),
(2, 186, 1),
(3, 186, 1),
(4, 186, 1),
(1, 10, 1),
(2, 10, 0.5),
(3, 10, -1),
(4, 10, 0.5),
(1, 62, 1),
(2, 62, 0.5),
(3, 62, -1),
(4, 62, 0.5),
(1, 66, 1),
(2, 66, 1),
(3, 66, 1),
(4, 66, 1),
(1, 21, 1),
(2, 21, 0.5),
(3, 21, -1),
(4, 21, 0.5),
(1, 69, 1),
(2, 69, 1),
(3, 69, 1),
(4, 69, 1),
(1, 73, 1),
(2, 73, 1),
(3, 73, 1),
(4, 73, 1),
(1, 24, 1),
(2, 24, 1),
(3, 24, 1),
(4, 24, 1),
(1, 27, 1),
(2, 27, 1),
(3, 27, 1),
(4, 27, 1),
(1, 77, 1),
(2, 77, 0.5),
(3, 77, -1),
(4, 77, 0.5),
(1, 31, 1),
(2, 31, 0.5),
(3, 31, -1),
(4, 31, 0.5),
(1, 55, -1),
(2, 55, -1),
(3, 55, -1),
(4, 55, -1),
(1, 35, 1),
(2, 35, 0.5),
(3, 35, -1),
(4, 35, 0.5),
(1, 56, 1),
(2, 56, 1),
(3, 56, 1),
(4, 56, 1),
(1, 41, 1),
(2, 41, 1),
(3, 41, 1),
(4, 41, 1),
(1, 83, 1),
(2, 83, 1),
(3, 83, 1),
(4, 83, 1),
(1, 44, 1),
(2, 44, 0.5),
(3, 44, -1),
(4, 44, 0.5),
(1, 47, 1),
(2, 47, 1),
(3, 47, 1),
(4, 47, 1),
(1, 90, 1),
(2, 90, 0.5),
(3, 90, -1),
(4, 90, 0.5),
(1, 51, 1),
(2, 51, 0.5),
(3, 51, -1),
(4, 51, 0.5),
(1, 63, 0.5),
(2, 63, 0.5),
(3, 63, 1),
(4, 63, 0.5),
(1, 67, 0.5),
(2, 67, 0.5),
(3, 67, 1),
(4, 67, 0.5),
(1, 22, 1),
(2, 22, 1),
(3, 22, 1),
(4, 22, 1),
(1, 70, 0.5),
(2, 70, 0.5),
(3, 70, 1),
(4, 70, 0.5),
(1, 74, 0.5),
(2, 74, 0.5),
(3, 74, 1),
(4, 74, 0.5),
(1, 25, 1),
(2, 25, 1),
(3, 25, 1),
(4, 25, 1),
(1, 28, 1),
(2, 28, 1),
(3, 28, 1),
(4, 28, 1),
(1, 78, 0.5),
(2, 78, 0.5),
(3, 78, 1),
(4, 78, 0.5),
(1, 32, 1),
(2, 32, 1),
(3, 32, 1),
(4, 32, 1),
(1, 39, 1),
(2, 39, 1),
(3, 39, 1),
(4, 39, 1),
(1, 57, -1),
(2, 57, -1),
(3, 57, -1),
(4, 57, -1),
(1, 42, 1),
(2, 42, 1),
(3, 42, 1),
(4, 42, 1),
(1, 81, 0.5),
(2, 81, 0.5),
(3, 81, 1),
(4, 81, 0.5),
(1, 84, 0.5),
(2, 84, 0.5),
(3, 84, 1),
(4, 84, 0.5),
(1, 45, 1),
(2, 45, 1),
(3, 45, 1),
(4, 45, 1),
(1, 48, 1),
(2, 48, 1),
(3, 48, 1),
(4, 48, 1),
(1, 87, 0.5),
(2, 87, 0.5),
(3, 87, 1),
(4, 87, 0.5),
(1, 91, 0.5),
(2, 91, 0.5),
(3, 91, 1),
(4, 91, 0.5),
(1, 52, 1),
(2, 52, 1),
(3, 52, 1),
(4, 52, 1),
(1, 190, 1),
(2, 190, 1),
(3, 190, 1),
(4, 190, 1),
(1, 23, 0.5),
(2, 23, 1),
(3, 23, 0.5),
(4, 23, 0.5),
(1, 75, 0.5),
(2, 75, 0.5),
(3, 75, 0.5),
(4, 75, 0.5),
(1, 29, 0.5),
(2, 29, 1),
(3, 29, 0.5),
(4, 29, 0.5),
(1, 79, 1),
(2, 79, 1),
(3, 79, 1),
(4, 79, 1),
(1, 33, 1),
(2, 33, 1),
(3, 33, 1),
(4, 33, 1),
(1, 43, -1),
(2, 43, -1),
(3, 43, -1),
(4, 43, -1),
(1, 189, -1),
(2, 189, -1),
(3, 189, -1),
(4, 189, -1),
(1, 40, 1),
(2, 40, 1),
(3, 40, 1),
(4, 40, 1),
(1, 191, 1),
(2, 191, 0.5),
(3, 191, -1),
(4, 191, 0.5),
(1, 188, -1),
(2, 188, -1),
(3, 188, -1),
(4, 188, -1),
(1, 192, -0.5),
(2, 192, -0.5),
(3, 192, 0.5),
(4, 192, 1),
(1, 54, 0.5),
(2, 54, -0.5),
(3, 54, 0.5),
(4, 54, 0.5),
(1, 193, 0.5),
(2, 193, 1),
(3, 193, 1),
(4, 193, 0.5),
(1, 187, -1),
(2, 187, -1),
(3, 187, 0.5),
(4, 187, -0.5),
(1, 82, -1),
(2, 82, -1),
(3, 82, -1),
(4, 82, -1),
(1, 85, -1),
(2, 85, -1),
(3, 85, -1),
(4, 85, -1),
(1, 46, -1),
(2, 46, -1),
(3, 46, -1),
(4, 46, -1),
(1, 49, 1),
(2, 49, 1),
(3, 49, 1),
(4, 49, 1),
(1, 88, 0.5),
(2, 88, 0.5),
(3, 88, 0.5),
(4, 88, 0.5),
(1, 53, 1),
(2, 53, 1),
(3, 53, 1),
(4, 53, 1),
(1, 194, 0.5),
(2, 194, 0.5),
(3, 194, 0.5),
(4, 194, 0.5),
(1, 196, -1),
(2, 196, -1),
(3, 196, -1),
(4, 196, -1),
(1, 200, 1),
(2, 200, 1),
(3, 200, 1),
(4, 200, 1),
(1, 201, -1),
(2, 201, -1),
(3, 201, -1),
(4, 201, -1),
(1, 7, 1),
(2, 7, 1),
(3, 7, 1),
(4, 7, 1),
(1, 198, -1),
(2, 198, -1),
(3, 198, -1),
(4, 198, -1),
(1, 64, 1),
(2, 64, 1),
(3, 64, 1),
(4, 64, 1),
(1, 60, 1),
(2, 60, 1),
(3, 60, 1),
(4, 60, 1),
(1, 6, 1),
(2, 6, 1),
(3, 6, 1),
(4, 6, 1),
(1, 195, 0.5),
(2, 195, 1),
(3, 195, -1),
(4, 195, 0.5),
(1, 221, -1),
(2, 221, -1),
(3, 221, -1),
(4, 221, -1),
(1, 223, 0.5),
(2, 223, 0.5),
(3, 223, 0.5),
(4, 223, -0.5),
(1, 222, 1),
(2, 222, 1),
(3, 222, 1),
(4, 222, 1),
(1, 219, 0),
(2, 219, 0),
(3, 219, 0),
(4, 219, 0),
(1, 218, 0),
(2, 218, 0),
(3, 218, 0),
(4, 218, 0),
(1, 220, 0),
(2, 220, 0),
(3, 220, 0),
(4, 220, 0),
(1, 224, -1),
(2, 224, -1),
(3, 224, -1),
(4, 224, -1),
(1, 225, 1),
(2, 225, 1),
(3, 225, 1),
(4, 225, 1),
(1, 226, 0.5),
(2, 226, 0.5),
(3, 226, 0.5),
(4, 226, -0.5),
(1, 227, -1),
(2, 227, -1),
(3, 227, -1),
(4, 227, -1),
(1, 228, 1),
(2, 228, 1),
(3, 228, 1),
(4, 228, 1),
(1, 229, 0.5),
(2, 229, 0.5),
(3, 229, 0.5),
(4, 229, -0.5),
(1, 230, -1),
(2, 230, -1),
(3, 230, -1),
(4, 230, -1),
(1, 231, 1),
(2, 231, 1),
(3, 231, 1),
(4, 231, 1),
(1, 232, 0.5),
(2, 232, -0.5),
(3, 232, -0.5),
(4, 232, -0.5),
(1, 233, -1),
(2, 233, -1),
(3, 233, -1),
(4, 233, -1),
(1, 235, 1),
(2, 235, 1),
(3, 235, 1),
(4, 235, 1),
(1, 234, 0.5),
(2, 234, -0.5),
(3, 234, -0.5),
(4, 234, -0.5),
(1, 236, -1),
(2, 236, -1),
(3, 236, -1),
(4, 236, -1),
(1, 238, 1),
(2, 238, 1),
(3, 238, 1),
(4, 238, 1),
(1, 237, 0.5),
(2, 237, -0.5),
(3, 237, -0.5),
(4, 237, -0.5),
(1, 239, -1),
(2, 239, -1),
(3, 239, -1),
(4, 239, -1),
(1, 241, 1),
(2, 241, 1),
(3, 241, 1),
(4, 241, 1),
(1, 240, 0.5),
(2, 240, -0.5),
(3, 240, -0.5),
(4, 240, -0.5),
(1, 243, -1),
(2, 243, -0.5),
(3, 243, -0.5),
(4, 243, -0.5),
(1, 242, 1),
(2, 242, 1),
(3, 242, 1),
(4, 242, 1),
(1, 244, -1),
(2, 244, -1),
(3, 244, -1),
(4, 244, -1),
(1, 246, -1),
(2, 246, 0.5),
(3, 246, -0.5),
(4, 246, -0.5),
(1, 245, 1),
(2, 245, 1),
(3, 245, 1),
(4, 245, 1),
(1, 247, -1),
(2, 247, -1),
(3, 247, -1),
(4, 247, -1),
(1, 249, -1),
(2, 249, 0.5),
(3, 249, -0.5),
(4, 249, -0.5),
(1, 248, -1),
(2, 248, -1),
(3, 248, -1),
(4, 248, -1),
(1, 250, -1),
(2, 250, -1),
(3, 250, -1),
(4, 250, -1),
(1, 252, -1),
(2, 252, 0.5),
(3, 252, -0.5),
(4, 252, -0.5),
(1, 251, 1),
(2, 251, 1),
(3, 251, 1),
(4, 251, 1),
(1, 253, -1),
(2, 253, -1),
(3, 253, -1),
(4, 253, -1),
(1, 255, 1),
(2, 255, 1),
(3, 255, 1),
(4, 255, 1),
(1, 254, -1),
(2, 254, -1),
(3, 254, -1),
(4, 254, -1),
(1, 256, 0.5),
(2, 256, 0.5),
(3, 256, 0.5),
(4, 256, 0.5),
(1, 259, 1),
(2, 259, -0.5),
(3, 259, 1),
(4, 259, -0.5),
(1, 257, 0.5),
(2, 257, -1),
(3, 257, -1),
(4, 257, 0.5),
(1, 258, 1),
(2, 258, 1),
(3, 258, 1),
(4, 258, 1),
(1, 262, -0.5),
(2, 262, 0.5),
(3, 262, 0.5),
(4, 262, -0.5),
(1, 260, 0.5),
(2, 260, -1),
(3, 260, -1),
(4, 260, 0.5),
(1, 261, 1),
(2, 261, 1),
(3, 261, 1),
(4, 261, 1),
(1, 264, 0.5),
(2, 264, 0.5),
(3, 264, 0.5),
(4, 264, 0.5),
(1, 265, 1),
(2, 265, 1),
(3, 265, 1),
(4, 265, 1),
(1, 263, -1),
(2, 263, -1),
(3, 263, -1),
(4, 263, -1),
(1, 270, 0.5),
(2, 270, 0.5),
(3, 270, 0.5),
(4, 270, 0.5),
(1, 271, 1),
(2, 271, 1),
(3, 271, 1),
(4, 271, 1),
(1, 269, -1),
(2, 269, -1),
(3, 269, -1),
(4, 269, -1),
(1, 273, 0.5),
(2, 273, 0.5),
(3, 273, 0.5),
(4, 273, 0.5),
(1, 274, 1),
(2, 274, 1),
(3, 274, 1),
(4, 274, 1),
(1, 272, -1),
(2, 272, -1),
(3, 272, -1),
(4, 272, -1),
(1, 267, 0.5),
(2, 267, 0.5),
(3, 267, 0.5),
(4, 267, 0.5),
(1, 268, 1),
(2, 268, 1),
(3, 268, 1),
(4, 268, 1),
(1, 266, -1),
(2, 266, -1),
(3, 266, -1),
(4, 266, -1),
(1, 275, -1),
(2, 275, -1),
(3, 275, -1),
(4, 275, -1),
(1, 277, -1),
(2, 277, -0.5),
(3, 277, -0.5),
(4, 277, -1),
(1, 276, 1),
(2, 276, 1),
(3, 276, 1),
(4, 276, 1),
(1, 278, -1),
(2, 278, -1),
(3, 278, -1),
(4, 278, -1),
(1, 280, -1),
(2, 280, -0.5),
(3, 280, -0.5),
(4, 280, -1),
(1, 279, 1),
(2, 279, 1),
(3, 279, 1),
(4, 279, 1),
(1, 281, -1),
(2, 281, -1),
(3, 281, -1),
(4, 281, -1),
(1, 283, -1),
(2, 283, -0.5),
(3, 283, -0.5),
(4, 283, -1),
(1, 282, 1),
(2, 282, 1),
(3, 282, 1),
(4, 282, 1),
(1, 284, -1),
(2, 284, -1),
(3, 284, -1),
(4, 284, -1),
(1, 286, 1),
(2, 286, -0.5),
(3, 286, -0.5),
(4, 286, 1),
(1, 285, 1),
(2, 285, 1),
(3, 285, 1),
(4, 285, 1),
(1, 287, -1),
(2, 287, -1),
(3, 287, -1),
(4, 287, -1),
(1, 288, 1),
(2, 288, 1),
(3, 288, 1),
(4, 288, 1),
(1, 289, 0.5),
(2, 289, 0.5),
(3, 289, 0.5),
(4, 289, 0.5),
(1, 290, 0.5),
(2, 290, -1),
(3, 290, 1),
(4, 290, 0.5),
(1, 291, 1),
(2, 291, 1),
(3, 291, 1),
(4, 291, 1),
(1, 292, -0.5),
(2, 292, 1),
(3, 292, 1),
(4, 292, -0.5),
(1, 293, 0.5),
(2, 293, -1),
(3, 293, -1),
(4, 293, 0.5),
(1, 294, 0.5),
(2, 294, 1),
(3, 294, 1),
(4, 294, 0.5),
(1, 295, -0.5),
(2, 295, 0.5),
(3, 295, 0.5),
(4, 295, -0.5),
(1, 296, -1),
(2, 296, -1),
(3, 296, -1),
(4, 296, -1),
(1, 297, 1),
(2, 297, 1),
(3, 297, 1),
(4, 297, 1),
(1, 298, 0.5),
(2, 298, 0.5),
(3, 298, 0.5),
(4, 298, 0.5),
(1, 299, -1),
(2, 299, -1),
(3, 299, -1),
(4, 299, -1),
(1, 301, -1),
(2, 301, -0.5),
(3, 301, -0.5),
(4, 301, -1),
(1, 302, -1),
(2, 302, -1),
(3, 302, -1),
(4, 302, -1),
(1, 303, 0.5),
(2, 303, 0.5),
(3, 303, 0.5),
(4, 303, 0.5),
(1, 304, 1),
(2, 304, 1),
(3, 304, 1),
(4, 304, 1),
(1, 305, -1),
(2, 305, -1),
(3, 305, -1),
(4, 305, -1),
(1, 306, 1),
(2, 306, 1),
(3, 306, 1),
(4, 306, 1),
(1, 307, -1),
(2, 307, -0.5),
(3, 307, -0.5),
(4, 307, -1),
(1, 309, 0.5),
(2, 309, 0.5),
(3, 309, 0.5),
(4, 309, 0.5),
(1, 308, -1),
(2, 308, -1),
(3, 308, -1),
(4, 308, -1),
(1, 310, 1),
(2, 310, 1),
(3, 310, 1),
(4, 310, 1),
(1, 311, -1),
(2, 311, -1),
(3, 311, -1),
(4, 311, -1),
(1, 312, 1),
(2, 312, 1),
(3, 312, 1),
(4, 312, 1),
(1, 313, -1),
(2, 313, -0.5),
(3, 313, -0.5),
(4, 313, -1),
(1, 314, -1),
(2, 314, -1),
(3, 314, -1),
(4, 314, -1),
(1, 315, 0.5),
(2, 315, 0.5),
(3, 315, 0.5),
(4, 315, 0.5),
(1, 316, 1),
(2, 316, 1),
(3, 316, 1),
(4, 316, 1),
(1, 317, -1),
(2, 317, -1),
(3, 317, -1),
(4, 317, -1),
(1, 318, 1),
(2, 318, 1),
(3, 318, 1),
(4, 318, 1),
(1, 319, -1),
(2, 319, -0.5),
(3, 319, -0.5),
(4, 319, -1),
(1, 59, 0.5),
(2, 59, 0.5),
(3, 59, 1),
(4, 59, 0.5),
(1, 199, 0.5),
(2, 199, 0.5),
(3, 199, 1),
(4, 199, 0.5),
(1, 204, -1),
(2, 204, -1),
(3, 204, -1),
(4, 204, -1),
(1, 210, 0.5),
(2, 210, 0.5),
(3, 210, 0.5),
(4, 210, 0.5),
(1, 209, 0.5),
(2, 209, 1),
(3, 209, 0.5),
(4, 209, 0.5),
(1, 8, 1),
(2, 8, 1),
(3, 8, 1),
(4, 8, 1),
(1, 213, -1),
(2, 213, -1),
(3, 213, -1),
(4, 213, -1),
(1, 212, -1),
(2, 212, -1),
(3, 212, -1),
(4, 212, -1),
(1, 211, 0.5),
(2, 211, 0.5),
(3, 211, 0.5),
(4, 211, 0.5),
(1, 205, -1),
(2, 205, -1),
(3, 205, -1),
(4, 205, -1),
(1, 202, 1),
(2, 202, 1),
(3, 202, 1),
(4, 202, 1),
(1, 68, 0.5),
(2, 68, 1),
(3, 68, 0.5),
(4, 68, 0.5),
(1, 9, 1),
(2, 9, 1),
(3, 9, 1),
(4, 9, 1),
(1, 206, -1),
(2, 206, -1),
(3, 206, -1),
(4, 206, -1),
(1, 217, 0.5),
(2, 217, 1),
(3, 217, 0.5),
(4, 217, 0.5),
(1, 214, -1),
(2, 214, -1),
(3, 214, -1),
(4, 214, -1),
(1, 72, 1),
(2, 72, 1),
(3, 72, 1),
(4, 72, 1),
(1, 216, 0.5),
(2, 216, 1),
(3, 216, 0.5),
(4, 216, 0.5),
(1, 207, -1),
(2, 207, -1),
(3, 207, -1),
(4, 207, -1),
(1, 203, 1),
(2, 203, 1),
(3, 203, 1),
(4, 203, 1),
(1, 76, 0.5),
(2, 76, 1),
(3, 76, 0.5),
(4, 76, 0.5),
(1, 215, -1),
(2, 215, -1),
(3, 215, -1),
(4, 215, -1),
(1, 38, 1),
(2, 38, 1),
(3, 38, 1),
(4, 38, 1),
(1, 208, 0.5),
(2, 208, 1),
(3, 208, 0.5),
(4, 208, 0.5),
(1, 320, 0),
(2, 320, 0),
(3, 320, 0),
(4, 320, 0),
(1, 321, 0),
(2, 321, 0),
(3, 321, 0),
(4, 321, 0),
(1, 322, 0),
(2, 322, 0),
(3, 322, 0),
(4, 322, 0),
(1, 323, 1),
(2, 323, 1),
(3, 323, 1),
(4, 323, 1),
(1, 324, 0.5),
(2, 324, 0.5),
(3, 324, 0.5),
(4, 324, -0.5),
(1, 325, -1),
(2, 325, -1),
(3, 325, -1),
(4, 325, -1),
(1, 326, -1),
(2, 326, -1),
(3, 326, -1),
(4, 326, -1),
(1, 327, 1),
(2, 327, 1),
(3, 327, 1),
(4, 327, 1),
(1, 328, 0.5),
(2, 328, 0.5),
(3, 328, 0.5),
(4, 328, -0.5),
(1, 329, -1),
(2, 329, -1),
(3, 329, -1),
(4, 329, -1),
(1, 330, 1),
(2, 330, 1),
(3, 330, 1),
(4, 330, 1),
(1, 331, 0.5),
(2, 331, 0.5),
(3, 331, 0.5),
(4, 331, -0.5),
(1, 332, -1),
(2, 332, -1),
(3, 332, -1),
(4, 332, -1),
(1, 333, 1),
(2, 333, 1),
(3, 333, 1),
(4, 333, 1),
(1, 334, 0.5),
(2, 334, -0.5),
(3, 334, -0.5),
(4, 334, -0.5),
(1, 335, -1),
(2, 335, -1),
(3, 335, -1),
(4, 335, -1),
(1, 336, 1),
(2, 336, 1),
(3, 336, 1),
(4, 336, 1),
(1, 337, -0.5),
(2, 337, 0.5),
(3, 337, 0.5),
(4, 337, 0.5),
(1, 338, -1),
(2, 338, -1),
(3, 338, -1),
(4, 338, -1),
(1, 339, 1),
(2, 339, 1),
(3, 339, 1),
(4, 339, 1),
(1, 340, -0.5),
(2, 340, 0.5),
(3, 340, 0.5),
(4, 340, 0.5),
(1, 341, -1),
(2, 341, -1),
(3, 341, -1),
(4, 341, -1),
(1, 342, 1),
(2, 342, 1),
(3, 342, 1),
(4, 342, 1),
(1, 343, -0.5),
(2, 343, 0.5),
(3, 343, 0.5),
(4, 343, 0.5),
(1, 344, -1),
(2, 344, -1),
(3, 344, -1),
(4, 344, -1),
(1, 345, 1),
(2, 345, 1),
(3, 345, 1),
(4, 345, 1),
(1, 346, -1),
(2, 346, 0.5),
(3, 346, -0.5),
(4, 346, -0.5),
(1, 347, -1),
(2, 347, -1),
(3, 347, -1),
(4, 347, -1),
(1, 348, 1),
(2, 348, 1),
(3, 348, 1),
(4, 348, 1),
(1, 349, -1),
(2, 349, 0.5),
(3, 349, -0.5),
(4, 349, -0.5),
(1, 350, -1),
(2, 350, -1),
(3, 350, -1),
(4, 350, -1),
(1, 351, 1),
(2, 351, 1),
(3, 351, 1),
(4, 351, 1),
(1, 352, -1),
(2, 352, 0.5),
(3, 352, -0.5),
(4, 352, -0.5),
(1, 353, -1),
(2, 353, -1),
(3, 353, -1),
(4, 353, -1),
(1, 354, 1),
(2, 354, 1),
(3, 354, 1),
(4, 354, 1),
(1, 355, -1),
(2, 355, 0.5),
(3, 355, -0.5),
(4, 355, -0.5),
(1, 197, -1),
(2, 197, -1),
(3, 197, -1),
(4, 197, -1);

-- --------------------------------------------------------

--
-- Table structure for table `opcoes`
--

CREATE TABLE `opcoes` (
  `id_opcao` int(10) unsigned NOT NULL auto_increment,
  `id_caso` int(11) default NULL,
  `id_situacao` int(10) unsigned NOT NULL,
  `id_situacao_destino` int(11) default NULL,
  `titulo` varchar(255) character set latin1 collate latin1_general_ci NOT NULL,
  `texto` text character set latin1 collate latin1_general_ci NOT NULL,
  `aviso` text character set latin1 collate latin1_general_ci NOT NULL,
  `tipo` enum('B','M','R') NOT NULL,
  PRIMARY KEY  (`id_opcao`)
) ENGINE=InnoDB  DEFAULT CHARSET=latin1 AUTO_INCREMENT=356 ;

--
-- Dumping data for table `opcoes`
--

INSERT INTO `opcoes` (`id_opcao`, `id_caso`, `id_situacao`, `id_situacao_destino`, `titulo`, `texto`, `aviso`, `tipo`) VALUES
(6, 5, 25, 31, 'Atender prontamente', 'Ir imediatamente ao socorro da suposta vítima.\r\n\r\n', '', 'B'),
(7, 5, 27, 32, 'Interrogar a mulher em separado', 'Interrogar a mulher em separado, enquanto o outro policial faz o mesmo com o marido.\r\n', '', 'B'),
(8, 5, 28, 49, 'Convencer vítima delegacia', 'Procurar convencer a vítima a prestar depoimento e disponibilizar-se a conduzi-la à delegacia.\r\n', '', 'B'),
(9, 5, 29, 102, 'Voz de prisão sem vítima.', 'Dar voz de prisão ao agressor e apresentar queixa contra ele, sem a presença da vítima.\r\n', '\r\n', 'B'),
(10, 5, 30, 31, 'Horário de almoço', 'Esclarecer à Senhora que ele e Soldado Rubens estão em horário de almoço e partir ao socorro da suposta vítima tão logo terminada a refeição. \r\n', '', 'B'),
(21, 5, 42, 43, 'Horário de almoço ', 'Esclarecer à Senhora que ele e Soldado Rubens estão em horário de almoço e partir ao socorro da suposta vítima tão logo terminada a refeição. \r\n', '', 'M'),
(22, 5, 43, 44, 'Interrogar a mulher em separado ', 'Interrogar a mulher em separado e pedir a Cabo Antenor que faça o mesmo com o marido.\r\n', '', 'B'),
(23, 5, 44, 106, 'Orientar sobre direitos ', 'Orientar a vítimas quanto aos seus direitos.\r\n', '', 'M'),
(24, 5, 54, 55, 'Atender prontamente ', 'Atender prontamente à solicitação da Senhora e, junto a Soldado Rubens, ir imediatamente ao socorro da suposta vítima.\r\n', '', 'B'),
(25, 5, 55, 56, 'Interrogar a mulher em separado ', 'Interrogar a mulher em separado e pedir a Cabo Antenor que faça o mesmo com o marido.\r\n', '', 'B'),
(26, 5, 56, 109, 'Orientar sobre direitos ', 'Orientar a vítimas quanto aos seus direitos.\r\n', '', 'M'),
(27, 5, 58, 59, 'Atender prontamente ', 'Atender prontamente à solicitação da Senhora e, junto a Soldado Rubens, ir imediatamente ao socorro da suposta vítima.\r\n', '', 'B'),
(28, 5, 59, 60, 'Interrogar a mulher em separado ', 'Interrogar a mulher em separado e pedir a Cabo Antenor que faça o mesmo com o marido.\r\n', '', 'B'),
(29, 5, 56, 109, 'Orientar sobre direitos ', 'Orientar a vítimas quanto aos seus direitos.\r\n', '', 'M'),
(31, 5, 66, 67, 'Horário de almoço ', 'Esclarecer à Senhora que ele e Soldado Rubens estão em horário de almoço e partir ao socorro da suposta vítima tão logo terminada a refeição. \r\n', '', 'M'),
(32, 5, 67, 68, 'Interrogar a mulher em separado ', 'Interrogar a mulher em separado e pedir a Cabo Antenor que faça o mesmo com o marido.\r\n', '', 'B'),
(33, 5, 68, 69, 'Convencer vítima delegacia ', 'Procurar convencer a vítima a prestar depoimento e disponibilizar-se a conduzi-la à delegacia.\r\n', '', 'B'),
(35, 5, 74, 75, 'Horário de almoço ', 'Esclarecer à Senhora que ele e Soldado Rubens estão em horário de almoço e partir ao socorro da suposta vítima tão logo terminada a refeição. \r\n', '', 'M'),
(38, 5, 77, 116, 'Voz de prisão sem vítima.', 'Dar voz de prisão ao agressor e apresentar queixa contra ele, sem a presença da vítima.\r\n\r\n', '', 'B'),
(39, 5, 75, 76, 'Interrogar a mulher em separado ', 'Interrogar a mulher em separado e pedir a Cabo Antenor que faça o mesmo com o marido.\r\n', '', 'B'),
(40, 5, 76, 77, 'Convencer vítima delegacia ', 'Procurar convencer a vítima a prestar depoimento e disponibilizar-se a conduzi-la à delegacia.\r\n', '', 'B'),
(41, 5, 82, 83, 'Atender prontamente', 'Atender prontamente à solicitação da Senhora e, junto a Soldado Rubens, ir imediatamente ao socorro da suposta vítima.\r\n', '', 'B'),
(42, 5, 83, 84, 'Interrogar a mulher em separado ', 'Interrogar a mulher em separado e pedir a Cabo Antenor que faça o mesmo com o marido.\r\n', '', 'B'),
(43, 5, 84, 106, 'Ameaça agredir ', 'Ameaçar agredir o marido em caso de reincidência\r\n', '', 'R'),
(44, 5, 98, 99, 'Horário de almoço', 'Esclarecer à Senhora que ele e Soldado Rubens estão em horário de almoço e partir ao socorro da suposta vítima tão logo terminada a refeição. \r\n', '', 'M'),
(45, 5, 99, 100, 'Interrogar a mulher em separado ', 'Interrogar a mulher em separado e pedir a Cabo Antenor que faça o mesmo com o marido.\r\n', '', 'B'),
(46, 5, 100, 120, 'Ameaça agredir ', 'Ameaçar agredir o marido em caso de reincidência\r\n', '', 'R'),
(47, 5, 126, 127, 'Atender prontamente', 'Atender prontamente à solicitação da Senhora e, junto a Soldado Rubens, ir imediatamente ao socorro da suposta vítima.\r\n', '', 'B'),
(48, 5, 127, 128, 'Interrogar a mulher em separado ', 'Interrogar a mulher em separado e pedir a Cabo Antenor que faça o mesmo com o marido.\r\n', '', 'B'),
(49, 5, 128, 129, 'Convencer vítima delegacia ', 'Procurar convencer a vítima a prestar depoimento e disponibilizar-se a conduzi-la à delegacia.\r\n', '', 'B'),
(50, 5, 129, 122, 'Encerrar ocorrência ', 'Respeitar a vontade da vítima de não ir à delegacia e dar a ocorrência por encerrada.\r\n', '', 'M'),
(51, 5, 138, 139, 'Horário de almoço ', 'Esclarecer à Senhora que ele e Soldado Rubens estão em horário de almoço e partir ao socorro da suposta vítima tão logo terminada a refeição. \r\n', '', 'M'),
(52, 5, 139, 140, 'Interrogar a mulher em separado ', 'Interrogar a mulher em separado e pedir a Cabo Antenor que faça o mesmo com o marido.\r\n', '', 'B'),
(53, 5, 140, 141, 'Convencer vítima delegacia ', 'Procurar convencer a vítima a prestar depoimento e disponibilizar-se a conduzi-la à delegacia.\r\n', '', 'B'),
(54, 5, 141, 125, 'Encerrar ocorrência ', 'Respeitar a vontade da vítima de não ir à delegacia e dar a ocorrência por encerrada.\r\n', '', 'M'),
(55, 5, 70, 113, 'Não é caso de polícia ', 'Esclarecer à Senhora que não se está diante de um caso de polícia e não ir ao socorro da suposta vítima.\r\n', '', 'R'),
(56, 5, 78, 79, 'Atender prontamente', 'Atender prontamente à solicitação da Senhora e, junto a Soldado Rubens, ir imediatamente ao socorro da suposta vítima.\r\n', '', 'B'),
(57, 5, 79, 115, 'Se retirar', 'Aceitar a palavra da mulher e se retirar, deixando a ocorrência\r\n', '', 'R'),
(59, 5, 31, 28, 'Interrogar simultaneamente marido e mulher ', 'Interrogar simultaneamente marido e mulher a fim de obter os esclarecimentos de ambos.\r\n', '', 'M'),
(60, 5, 32, 53, 'Convencer vítima delegacia ', 'Procurar convencer a vítima a prestar depoimento e disponibilizar-se a conduzi-la à delegacia.\r\n', '', 'B'),
(62, 5, 34, 35, 'Horário de almoço ', 'Esclarecer à Senhora que ele e Soldado Rubens estão em horário de almoço e partir ao socorro da suposta vítima tão logo terminada a refeição. \r\n', '', 'M'),
(63, 5, 35, 36, 'Interrogar simultaneamente marido e mulher ', 'Interrogar simultaneamente marido e mulher a fim de obter os esclarecimentos de ambos.\r\n', '', 'M'),
(64, 5, 36, 29, 'Convencer vítima delegacia ', 'Procurar convencer a vítima a prestar depoimento e disponibilizar-se a conduzi-la à delegacia.\r\n', '', 'B'),
(66, 5, 38, 39, 'Atender prontamente', 'Atender prontamente à solicitação da Senhora e, junto a Soldado Rubens, ir imediatamente ao socorro da suposta vítima.\r\n', '', 'B'),
(67, 5, 39, 40, 'Interrogar simultaneamente marido e mulher ', 'Interrogar simultaneamente marido e mulher a fim de obter os esclarecimentos de ambos.\r\n', '', 'M'),
(68, 5, 40, 114, 'Orientar sobre direitos ', 'Orientar a vítima quanto aos seus direitos.\r\n', '', 'M'),
(69, 5, 46, 47, 'Atender prontamente', 'Atender prontamente à solicitação da Senhora e, junto a Soldado Rubens, ir imediatamente ao socorro da suposta vítima.\r\n', '', 'B'),
(70, 5, 47, 48, 'Interrogar simultaneamente marido e mulher ', 'Interrogar simultaneamente marido e mulher a fim de obter os esclarecimentos de ambos.\r\n', '', 'M'),
(71, 5, 48, 49, 'Convencer vítima delegacia ', 'Procurar convencer a vítima a prestar depoimento e disponibilizar-se a conduzi-la à delegacia.\r\n', '', 'M'),
(72, 5, 49, 112, 'Voz de prisão sem vítima. ', 'Dar voz de prisão ao agressor e apresentar queixa contra ele, sem a presença da vítima.\r\n\r\n', '', 'B'),
(73, 5, 50, 51, 'Atender prontamente ', 'Atender prontamente à solicitação da Senhora e, junto a Soldado Rubens, ir imediatamente ao socorro da suposta vítima.\r\n', '', 'B'),
(74, 5, 51, 52, 'Interrogar simultaneamente marido e mulher ', 'Interrogar simultaneamente marido e mulher a fim de obter os esclarecimentos de ambos.\r\n', '', 'M'),
(75, 5, 52, 53, 'Convencer vítima delegacia ', 'Procurar convencer a vítima a prestar depoimento e disponibilizar-se a conduzi-la à delegacia.\r\n', '', 'M'),
(76, 5, 53, 123, 'Orientar sobre direitos ', 'Orientar a vítima sobre seus direitos.\r\n', '', 'M'),
(77, 5, 62, 63, 'Horário de almoço ', 'Esclarecer à Senhora que ele e Soldado Rubens estão em horário de almoço e partir ao socorro da suposta vítima tão logo terminada a refeição. \r\n', '', 'M'),
(78, 5, 63, 64, 'Interrogar simultaneamente marido e mulher ', 'Interrogar simultaneamente marido e mulher a fim de obter os esclarecimentos de ambos.\r\n', '', 'M'),
(79, 5, 64, 111, 'Orientar sobre direitos ', 'Orientar a vítimas quanto aos seus direitos.\r\n', '', 'B'),
(80, 5, 90, 91, 'Horário de almoço ', 'Esclarecer à Senhora que ele e Soldado Rubens estão em horário de almoço e partir ao socorro da suposta vítima tão logo terminada a refeição. \r\n', '', 'M'),
(81, 5, 91, 92, 'Interrogar simultaneamente marido e mulher ', 'Interrogar simultaneamente marido e mulher a fim de obter os esclarecimentos de ambos.\r\n', '', 'M'),
(82, 5, 92, 118, 'Ameaça agredir ', 'Ameaçar agredir o marido em caso de reincidência\r\n', '', 'R'),
(83, 5, 94, 95, 'Atender prontamente ', 'Atender prontamente à solicitação da Senhora e, junto a Soldado Rubens, ir imediatamente ao socorro da suposta vítima.\r\n', '', 'B'),
(84, 5, 95, 96, 'Interrogar simultaneamente marido e mulher ', 'Interrogar simultaneamente marido e mulher a fim de obter os esclarecimentos de ambos.\r\n', '', 'M'),
(85, 5, 96, 119, 'Ameaça agredir ', 'Ameaçar agredir o marido em caso de reincidência\r\n', '', 'R'),
(86, 5, 130, 131, 'Atender prontamente ', 'Atender prontamente à solicitação da Senhora e, junto a Soldado Rubens, ir imediatamente ao socorro da suposta vítima.\r\n', '', 'B'),
(87, 5, 131, 132, 'Interrogar simultaneamente marido e mulher ', 'Interrogar simultaneamente marido e mulher a fim de obter os esclarecimentos de ambos.\r\n', '', 'M'),
(88, 5, 132, 133, 'Convencer vítima delegacia ', 'Procurar convencer a vítima a prestar depoimento e disponibilizar-se a conduzi-la à delegacia.\r\n', '', 'M'),
(89, 5, 133, 123, 'Encerrar ocorrência ', 'Respeitar a vontade da vítima de não ir à delegacia e dar a ocorrência por encerrada.\r\n', '', 'M'),
(90, 5, 134, 135, 'Horário de almoço ', 'Esclarecer à Senhora que ele e Soldado Rubens estão em horário de almoço e partir ao socorro da suposta vítima tão logo terminada a refeição. \r\n', '', 'M'),
(91, 5, 135, 136, 'Interrogar simultaneamente marido e mulher ', 'Interrogar simultaneamente marido e mulher a fim de obter os esclarecimentos de ambos.\r\n', '', 'M'),
(92, 5, 137, 124, 'Encerrar ocorrência ', 'Respeitar a vontade da vítima de não ir à delegacia e dar a ocorrência por encerrada.\r\n', '', 'M'),
(188, 5, 86, 117, 'Se retirar ', 'Aceitar a palavra da mulher e se retirar, deixando a ocorrência\r\n\r\n', '', 'R'),
(189, 5, 87, 116, 'Ameaça agredir', 'Aceitar a palavra da mulher e se retirar, deixando a ocorrência\r\n', 'Ameaçar agredir o marido em caso de reincidência\r\n', 'R'),
(191, 5, 89, 86, 'Horário de almoço', 'Esclarecer à Senhora que ele e Soldado Rubens estão em horário de almoço e partir ao socorro da suposta vítima tão logo terminada a refeição. \r\n', '', 'M'),
(194, 5, 136, 137, 'Convencer vítima delegacia', 'Procurar convencer a vítima a prestar depoimento e disponibilizar-se a conduzi-la à delegacia.\r\n', '', 'M'),
(195, 5, 25, 27, 'Horário de almoço', 'Partir ao socorro da suposta vítima tão logo terminado almoço.\r\n\r\n\r\n', '', 'M'),
(197, 5, 25, 107, 'Não é caso de polícia ', 'Não ir ao socorro da suposta vítima, esclarecendo que não se está diante de um caso de polícia.\r\n', '', 'R'),
(198, 5, 27, 117, 'Se retirar', 'Aceitar a palavra da mulher e se retirar, deixando a ocorrência', '', 'R'),
(199, 5, 27, 40, 'Interrogar simultaneamente marido e mulher ', 'Interrogar simultaneamente marido e mulher a fim de obter os esclarecimentos de ambos.\r\n', '', 'M'),
(200, 5, 31, 36, 'Interrogar a mulher em separado', 'Interrogar a mulher em separado, enquanto o outro policial faz o mesmo com o marido.\r\n', '', 'B'),
(201, 5, 31, 115, 'Se retirar ', 'Aceitar a palavra da mulher e se retirar, deixando a ocorrência\r\n', '', 'R'),
(202, 5, 40, 77, 'Convencer vítima delegacia ', 'Procurar convencer a vítima a prestar depoimento e disponibilizar-se a conduzi-la à delegacia.\r\n\r\n', '', 'B'),
(203, 5, 53, 122, 'Voz de prisão sem vítima.', 'Dar voz de prisão ao agressor e apresentar queixa contra ele, sem a presença da vítima.\r\n\r\n', '', 'B'),
(204, 5, 36, 108, 'Ameaça agredir ', 'Ameaçar agredir o marido em caso de reincidência', '', 'R'),
(205, 5, 40, 115, 'Ameaça agredir ', 'Ameaçar agredir o marido em caso de reincidência\r\n', '', 'R'),
(206, 5, 29, 103, 'Encerrar ocorrência ', 'Respeitar a vontade da vítima de não ir à delegacia e dar a ocorrência por encerrada.', '', 'R'),
(207, 5, 53, 124, 'Encerrar ocorrência ', 'Respeitar a vontade da vítima de não ir à delegacia e dar a ocorrência por encerrada.', '', 'R'),
(208, 5, 77, 117, 'Orientar sobre direitos', 'Orientar a vítima sobre seus direitos.', '', 'M'),
(209, 5, 28, 110, 'Orientar sobre direitos ', 'Orientar a vítima quanto aos seus direitos.', '', 'M'),
(210, 5, 36, 105, 'Orientar sobre direitos ', 'Orientar a vítima quanto aos seus direitos.\r\n', '', 'M'),
(211, 5, 32, 119, 'Orientar sobre direitos ', 'Orientar a vítima quanto aos seus direitos.\r\n', '', 'M'),
(212, 5, 32, 125, 'Ameaça agredir', 'Ameaçar agredir o marido em caso de reincidência', '', 'R'),
(213, 5, 28, 106, 'Ameaça agredir ', 'Ameaçar agredir o marido em caso de reincidência', '', 'R'),
(214, 5, 49, 113, 'Encerrar ocorrência ', 'Respeitar a vontade da vítima de não ir à delegacia e dar a ocorrência por encerrada.\r\n', '', 'R'),
(215, 5, 77, 118, 'Encerrar ocorrência ', 'Respeitar a vontade da vítima de não ir à delegacia e dar a ocorrência por encerrada.\r\n', '', 'R'),
(216, 5, 49, 111, 'Orientar sobre direitos', 'Orientar a vítima sobre seus direitos.\r\n', '', 'M'),
(217, 5, 29, 104, 'Orientar sobre direitos ', 'Orientar a vítima sobre seus direitos.\r\n', '', 'M'),
(287, 18, 365, 346, 'Procurar ladrão', 'Ir imediatamente em direção às vozes da multidão, na tentativa de alcançar o assaltante.\r\n', '', 'R'),
(288, 18, 365, 369, 'Identificar vítima', 'Ir imediatamente em direção às vozes da multidão, na tentativa de identificar a vítima e obter informações a respeito do ocorrido. \r\n', '', 'B'),
(289, 18, 365, 371, 'Procurar população', 'Ir imediatamente em direção à voz da multidão, na tentativa de obter da população informações a respeito do ocorrido.\r\n', '', 'M'),
(290, 18, 369, 348, 'Necessidades da vítima', 'Priorizar as necessidades da vítima e conduzi-la à delegacia.\r\n', '', 'R'),
(291, 18, 369, 364, 'Solicitar apoio', 'Transmitir à central as informações obtidas e solicitar apoio para ir ao encalço dos assaltantes. \r\n', '', 'B'),
(292, 18, 369, 366, 'Ir ao encalço', 'Ir imediatamente ao encalço dos assaltantes. \r\n', '', 'M'),
(293, 18, 371, 359, 'Necessidades da vítima', 'Priorizar as necessidades da vítima e conduzi-la à delegacia.\r\n', '', 'R'),
(294, 18, 371, 367, 'Solicitar apoio', 'Transmitir à central as informações obtidas e solicitar apoio para ir ao encalço dos assaltantes. \r\n', '', 'B'),
(295, 18, 371, 368, 'Ir no encalço', 'Ir imediatamente ao encalço dos assaltantes. \r\n', '', 'M'),
(296, 18, 364, 347, 'Disparar', 'Disparar também contra os assaltantes.\r\n', '', 'R'),
(297, 18, 364, 370, 'Abrigar-se e informar central', 'Abrigar-se, procurando manter o contato visual com os assaltantes e informar a central sobre os detalhes e a localização do conflito. \r\n', '', 'B'),
(298, 18, 364, 344, 'Abandonar perseguição', 'Evitar riscos a terceiros e abandonar a perseguição, deixando a continuidade ao cerco aos assaltantes aos encargos da central.\r\n', '', 'M'),
(299, 18, 370, 342, 'Atirar nos assaltantes', 'Atirar em direção aos assaltantes.\r\n', '', 'R'),
(300, 18, 370, 341, 'Pedir aos assaltantes que se entreguem', 'Dizer novamente aos assaltantes que se entreguem e deponham suas armas, sob pena de obrigar os policiais a atirar. \r\n', '', 'B'),
(301, 18, 370, 343, 'Dois disparos', 'Efetuar dois disparos para o alto, como advertência. \r\n', '', 'M'),
(302, 18, 366, 345, 'Disparar', 'Disparar também contra os assaltantes.\r\n', '', 'R'),
(303, 18, 366, 349, 'Abandonar perseguição', 'Evitar riscos a terceiros e abandonar a perseguição, deixando a continuidade ao cerco aos assaltantes aos encargos da central.\r\n', '', 'M'),
(304, 18, 366, 372, 'Abrigar-se e informar central', 'Abrigar-se, procurando manter o contato visual com os assaltantes e informar a central sobre os detalhes e a localização do conflito. \r\n', '', 'B'),
(305, 18, 372, 352, 'Atirar nos assaltantes', 'Atirar em direção aos assaltantes.\r\n', '', 'R'),
(306, 18, 372, 351, 'Pedir aos assaltantes que se entreguem', 'Dizer novamente aos assaltantes que se entreguem e deponham suas armas, sob pena de obrigar os policiais a atirar. \r\n', '', 'B'),
(307, 18, 372, 350, 'Dois disparos', 'Efetuar dois disparos para o alto, como advertência. \r\n', '', 'M'),
(308, 18, 367, 363, 'Disparar', 'Disparar também contra os assaltantes.\r\n', '', 'R'),
(309, 18, 367, 358, 'Abandonar perseguição', 'Evitar riscos a terceiros e abandonar a perseguição, deixando a continuidade ao cerco aos assaltantes aos encargos da central.\r\n', '', 'M'),
(310, 18, 367, 373, 'Abrigar-se e informar central', 'Abrigar-se, procurando manter o contato visual com os assaltantes e informar a central sobre os detalhes e a localização do conflito. \r\n', '', 'B'),
(311, 18, 373, 362, 'Atirar nos assaltantes', 'Atirar em direção aos assaltantes.\r\n', '', 'R'),
(312, 18, 373, 360, 'Pedir aos assaltantes que se entreguem', 'Dizer novamente aos assaltantes que se entreguem e deponham suas armas, sob pena de obrigar os policiais a atirar. \r\n', '', 'B'),
(313, 18, 373, 361, 'Dois disparos', 'Efetuar dois disparos para o alto, como advertência. \r\n', '', 'M'),
(314, 18, 368, 354, 'Disparar ', 'Disparar também contra os assaltantes.\r\n', '', 'R'),
(315, 18, 368, 353, 'Abandonar perseguição', 'Evitar riscos a terceiros e abandonar a perseguição, deixando a continuidade ao cerco aos assaltantes aos encargos da central.\r\n', '', 'M'),
(316, 18, 368, 374, 'Abrigar-se e informar central', 'Abrigar-se, procurando manter o contato visual com os assaltantes e informar a central sobre os detalhes e a localização do conflito. \r\n', '', 'B'),
(317, 18, 374, 357, 'Atirar nos assaltantes', 'Atirar em direção aos assaltantes.\r\n', '', 'R'),
(318, 18, 374, 355, 'Pedir aos assaltantes que se entreguem', 'Dizer novamente aos assaltantes que se entreguem e deponham suas armas, sob pena de obrigar os policiais a atirar. \r\n', '', 'B'),
(319, 18, 374, 356, 'Dois disparos', 'Efetuar dois disparos para o alto, como advertência. \r\n', '', 'M'),
(320, 6, 375, 376, 'Carro de luxo', 'Carro de luxo, uma mulher de meia-idade ao volante, mais três homens jovens, um no banco do carona e dois no banco de trás. \r\n', '', 'B'),
(321, 6, 375, 376, 'Carro popular', 'Carro popular, quatro portas, quatro homens jovens em seu interior.', '', 'B'),
(322, 6, 375, 376, 'Carro esporte', 'Carro esporte, insulfilm fortíssimo, a ponto de não ser possível enxergar seu interior.', '', 'B'),
(323, 6, 376, 377, 'Revistar todos', 'Pedir ao motorista e aos demais passageiros que deixem o veículo e revistar a todos, começando pelo motorista.\r\n', '', 'B'),
(324, 6, 376, 378, 'Revistar motorista', 'Pedir ao motorista e aos demais passageiros que deixem o veículo e revistar o motorista. \r\n', '', 'M'),
(325, 6, 376, 323, 'Inspecionar documentos ', 'Solicitar e inspecionar os documentos do motorista, mantendo-o no interior do veículo. \r\n', '', 'R'),
(326, 6, 377, 325, 'Liberar veículo', 'Liberar o veículo, dada a ausência de indícios de ilegalidade nos documentos.\r\n', '', 'R'),
(327, 6, 377, 379, 'Revistar com acompanhamento do motorista', 'Comunicar que vai passar à revista do veículo e convidar o motorista a acompanhar o procedimento.\r\n', '', 'B'),
(328, 6, 377, 380, 'Revistar sem acompanhamento', 'Partir para a revista do veículo, mantendo os passageiros à distância. \r\n', '', 'M'),
(329, 6, 378, 336, 'Liberar veículo', 'Liberar o veículo, dada a ausência de indícios de ilegalidade nos documentos.\r\n', '', 'R'),
(330, 6, 378, 381, 'Revistar com acompanhamento do motorista', 'Comunicar que vai passar à revista do veículo e convidar o motorista a acompanhar o procedimento.\r\n', '', 'B'),
(331, 6, 378, 382, 'Revistar sem acompanhamento', 'Partir para a revista do veículo, mantendo os passageiros à distância. \r\n', '', 'M'),
(332, 6, 379, 324, 'Liberar veículo', 'Considerar justa a alegação do motorista e liberar o veículo. \r\n', '', 'R'),
(333, 6, 379, 383, 'Revistar veículo', 'Argumentar que tem amparo legal para efetuar a revista e efetuá-la. \r\n', '', 'B'),
(334, 6, 379, 321, 'Voz de prisão', 'Dar voz de prisão ao motorista por desobediência.\r\n', '', 'M'),
(335, 6, 380, 322, 'Liberar veículo', 'Considerar justa a alegação do motorista e liberar o veículo. \r\n', '', 'R'),
(336, 6, 380, 384, 'Revistar veículo', 'Argumentar que tem amparo legal para efetuar a revista e efetuá-la. \r\n', '', 'B'),
(337, 6, 380, 326, 'Voz de prisão', 'Dar voz de prisão ao motorista por desobediência.\r\n', '', 'M'),
(338, 6, 381, 340, 'Liberar veículo', 'Considerar justa a alegação do motorista e liberar o veículo. \r\n', '', 'R'),
(339, 6, 381, 385, 'Revistar veículo', 'Argumentar que tem amparo legal para efetuar a revista e efetuá-la. \r\n', '', 'B'),
(340, 6, 381, 335, 'Voz de prisão', 'Dar voz de prisão ao motorista por desobediência.\r\n', '', 'M'),
(341, 6, 382, 331, 'Liberar veículo', 'Considerar justa a alegação do motorista e liberar o veículo. \r\n', '', 'R'),
(342, 6, 382, 386, 'Revistar veículo', 'Argumentar que tem amparo legal para efetuar a revista e efetuá-la. \r\n', '', 'B'),
(343, 6, 382, 330, 'Voz de prisão', 'Dar voz de prisão ao motorista por desobediência.\r\n', '', 'M'),
(344, 6, 383, 319, 'Liberar motorista', 'Liberar o motorista, assumindo tratar-se de um usuário, dada a pequena quantidade de droga encontrada. \r\n', '', 'R'),
(345, 6, 383, 318, 'Encaminhar DP', 'Encaminhar motorista, demais passageiros e veículo à DP para que sejam tomadas as providências legais adequadas. \r\n', '', 'B'),
(346, 6, 383, 320, 'Apreender droga e liberar motorista', 'Apreender a droga no intuito de encaminhá-la à delegacia e liberar motorista, passageiros e veículo. \r\n', '', 'M'),
(347, 6, 384, 329, 'Liberar motorista', 'Liberar o motorista, assumindo tratar-se de um usuário, dada a pequena quantidade de droga encontrada. \r\n', '', 'R'),
(348, 6, 384, 328, 'Encaminhar DP', 'Encaminhar motorista, demais passageiros e veículo à DP para que sejam tomadas as providências legais adequadas. \r\n', '', 'B'),
(349, 6, 384, 327, 'Apreender droga e liberar motorista', 'Apreender a droga no intuito de encaminhá-la à delegacia e liberar motorista, passageiros e veículo. \r\n', '', 'M'),
(350, 6, 385, 339, 'Liberar motorista', 'Liberar o motorista, assumindo tratar-se de um usuário, dada a pequena quantidade de droga encontrada. \r\n', '', 'R'),
(351, 6, 385, 337, 'Encaminhar DP', 'Encaminhar motorista, demais passageiros e veículo à DP para que sejam tomadas as providências legais adequadas. \r\n', '', 'B'),
(352, 6, 385, 338, 'Apreender droga e liberar motorista', 'Apreender a droga no intuito de encaminhá-la à delegacia e liberar motorista, passageiros e veículo. \r\n', '', 'M'),
(353, 6, 386, 334, 'Liberar motorista', 'Liberar o motorista, assumindo tratar-se de um usuário, dada a pequena quantidade de droga encontrada. \r\n', '', 'R'),
(354, 6, 386, 332, 'Encaminhar DP', 'Encaminhar motorista, demais passageiros e veículo à DP para que sejam tomadas as providências legais adequadas. \r\n', '', 'B'),
(355, 6, 386, 333, 'Apreender droga e liberar motorista', 'Apreender a droga no intuito de encaminhá-la à delegacia e liberar motorista, passageiros e veículo. \r\n', '', 'M');

-- --------------------------------------------------------

--
-- Table structure for table `situacoes`
--

CREATE TABLE `situacoes` (
  `id_situacao` int(10) unsigned NOT NULL auto_increment,
  `id_caso` int(10) unsigned NOT NULL,
  `primeira_situacao` enum('Y','N') NOT NULL default 'N',
  `situacao_final` enum('Y','N') NOT NULL default 'N',
  `identificador` varchar(100) character set latin1 collate latin1_general_ci default NULL,
  `descricao` varchar(500) character set latin1 collate latin1_general_ci NOT NULL,
  `final` text character set latin1 collate latin1_general_ci NOT NULL,
  `problematica_boa` text character set latin1 collate latin1_general_ci,
  `problematica_media` text character set latin1 collate latin1_general_ci,
  `problematica_ruim` text character set latin1 collate latin1_general_ci,
  PRIMARY KEY  (`id_situacao`)
) ENGINE=InnoDB  DEFAULT CHARSET=latin1 AUTO_INCREMENT=387 ;

--
-- Dumping data for table `situacoes`
--

INSERT INTO `situacoes` (`id_situacao`, `id_caso`, `primeira_situacao`, `situacao_final`, `identificador`, `descricao`, `final`, `problematica_boa`, `problematica_media`, `problematica_ruim`) VALUES
(25, 5, 'Y', 'N', 'situacao inicial', 'Os policiais fazem a ronda. É meio-dia. Hora do almoço. Uma senhora se aproxima. ', '', 'Ainda bem que eu encontrei vocês! Muita sorte! \r\nMinha vizinha tá levando uma surra que Deus me livre do marido! Coisa horrível, seus policiais! \r\nNão fosse eu ter encontrado vocês, não sei, não… Podia acabar até em morte! \r\n\r\n\r\n', 'Com licença, seus policiais, bom dia. É que minha vizinha tá levando uma surra do marido que tá dando pra escutar lá de casa, mesmo com esse meu ouvido que não presta direito já tem quanto tempo! Se os senhores puderem fazer o favor de vir comigo e ajudar a coitadinha! \r\n\r\n\r\n\r\n', 'Até que enfim eu encontrei vocês, policiais! \r\nMinha vizinha tá quase morrendo de tanto apanhar do marido, e vocês aí, sem nem tomar conhecimento. Vai ficar tudo por isso mesmo?\r\n Ou vocês vão ajudar?\r\n\r\n\r\n  \r\n\r\n\r\n\r\n\r\n\r\n\r\n  \r\n\r\n\r\n\r\n\r\n\r\n\r\n\r\n\r\n\r\n'),
(27, 5, 'N', 'N', 'situacao 02 : mulher nega agrecao +-', 'Na casa da vizinha, os policiais averiguam as informações fornecidas pela senhora.   ', '', 'É que, é… Não... É, não teve nenhuma violência, não, seu policial...  Deve ter sido algum… mal-entendido. Quer dizer, não da sua parte, não. Não to dizendo que o senhor se enganou, não. Não é isso. É só que podem ter informado mal o senhor… \r\n\r\n\r\n', 'Denúncia de Violência Doméstica contra Mulher? É... É que… É… Não! \r\nÉ, não é aqui, não, seu policial. Não teve nada disso aqui, não. \r\nDeve ser… é… algum… é… Engano!\r\nIsso! Algum mal-entendido, algum erro, alguma coisa assim, não sei…\r\n  \r\n\r\n  \r\n\r\n', 'Não, a denúncia não procede. Não tem nada disso aqui, não. Ok?  \r\nE eu vou pedir licença ao senhor, que eu tenho uma porção de coisas pra fazer aqui em casa. Tá bom? \r\nTo ocupada. Olha, uma boa tarde pro senhor.  Passar bem. \r\n\r\n\r\n\r\n\r\n\r\n'),
(28, 5, 'N', 'N', 'situacao 03 : policial descobre agrecao a +- ', 'Os policiais não se convencem.', '', 'Ai meu Deus… É, seu policial. O senhor tem toda razão… Não posso mentir pro senhor. Eu não gosto de mentira… \r\nEu não vou dizer que caí da escada. Claro que não.\r\nFoi meu marido que me bateu, mesmo. Ele me bate sempre, seu policial.\r\n\r\n\r\n\r\n\r\n\r\n\r\n\r\n\r\n\r\n', 'Tudo bem, seu policial. Vou te dizer a verdade. Não que o senhor já não saiba, né? É só uma questão de ouvir da minha boca mesmo, não é? Eu entendo que tenha que ser assim, eu entendo. \r\nBom, foi o meu marido que bateu. E ele me bate sempre, seu policial... \r\nPronto, falei! Falei! \r\n\r\n', 'O que tá realmente acontecendo? Eu vou te dizer o que é que tá realmente acontecendo, seu policial! O que tá acontecendo é que eu me casei com um monstro! Um monstro, que me bate sempre! O senhor entendeu agora o que tá acontecendo?\r\n\r\n'),
(29, 5, 'N', 'N', 'situacao 04 : mulher nao vai delegacia a +', 'Os policiais se oferecem para levar a “vizinha” à delegacia para prestar depoimento.', '', 'Ah, muito obrigada seu policial, de verdade. Eu agradeço muito a sua sugestão. Entendo que seria uma coisa importante, tanto para mim quanto para as outras mulheres que também passam por esse tipo de problema...\r\nMas eu prefiro não ir à delegacia.  Realmente prefiro, seu policial.  Não sei, a idéia não me agrada muito... \r\nO senhor entende?\r\n\r\n\r\n\r\n\r\n\r\n\r\n\r\n\r\n\r\n', 'Olha, seu policial, eu entendo perfeitamente a sugestão e aprecio sua gentileza.  Entendo que eu ir seria uma coisa importante. \r\nMas eu não gostaria de ir à delegacia, não. Não quero ir. \r\nTenho certeza que o senhor vai respeitar minha vontade...    \r\n\r\n\r\n\r\n\r\n', 'Quem é que toma conta da minha vida? Eu mesma, seu policial. Então eu fico por aqui, tá bom? \r\nNão quero ir à delegacia nenhuma! Essa oferta não é nada, nada atraente. \r\nDelegacia... Com todo o respeito, o senhor investiu mal sua gentileza, seu policial.  \r\n\r\n\r\n'),
(31, 5, 'N', 'N', 'situacao 02 : mulher nega agrecao +', 'Na casa da vizinha, os policiais averiguam as informações fornecidas pela senhora.   ', '', 'É que, é… Não... É, não teve nenhuma violência, não, seu policial...  Deve ter sido algum… mal-entendido. Quer dizer, não da sua parte, não. Não to dizendo que o senhor se enganou, não. Não é isso. É só que podem ter informado mal o senhor… \r\n\r\n', 'Denúncia de Violência Doméstica contra Mulher? É... É que… É… Não! \r\nÉ, não é aqui, não, seu policial. Não teve nada disso aqui, não. \r\nDeve ser… é… algum… é… Engano!\r\nIsso! Algum mal-entendido, algum erro, alguma coisa assim, não sei…\r\n  \r\n\r\n\r\n', 'Não, a denúncia não procede. Não tem nada disso aqui, não. Ok?  \r\nE eu vou pedir licença ao senhor, que eu tenho uma porção de coisas pra fazer aqui em casa. Tá bom? \r\nTo ocupada. Olha, uma boa tarde pro senhor.  Passar bem. \r\n\r\n\r\n\r\n\r\n\r\n'),
(32, 5, 'N', 'N', 'situacao 03 : policial descobre agrecao b + ', 'Os policiais não se convencem. ', '', 'Ai meu Deus… É, seu policial. O senhor tem toda razão… Não posso mentir pro senhor. Eu não gosto de mentira… \r\nEu não vou dizer que caí da escada. Claro que não.\r\nFoi meu marido que me bateu, mesmo. Ele me bate sempre, seu policial.\r\n\r\n\r\n\r\n\r\n\r\n', 'Tudo bem, seu policial. Vou te dizer a verdade. Não que o senhor já não saiba, né? É só uma questão de ouvir da minha boca mesmo, não é? Eu entendo que tenha que ser assim, eu entendo. \r\nBom, foi o meu marido que bateu. E ele me bate sempre, seu policial... \r\nPronto, falei! Falei! \r\n\r\n', 'O que tá realmente acontecendo? Eu vou te dizer o que é que tá realmente acontecendo, seu policial! O que tá acontecendo é que eu me casei com um monstro! Um monstro, que me bate sempre! O senhor entendeu agora o que tá acontecendo?\r\n\r\n\r\n'),
(36, 5, 'N', 'N', 'situacao 03 : policial descobre agrecao a + ', 'Os policiais não se convencem. ', '', 'Ai meu Deus… É, seu policial. O senhor tem toda razão… Não posso mentir pro senhor. Eu não gosto de mentira… \r\nEu não vou dizer que caí da escada. Claro que não.\r\nFoi meu marido que me bateu, mesmo. Ele me bate sempre, seu policial.\r\n\r\n\r\n\r\n\r\n\r\n', 'Tudo bem, seu policial. Vou te dizer a verdade. Não que o senhor já não saiba, né? É só uma questão de ouvir da minha boca mesmo, não é? Eu entendo que tenha que ser assim, eu entendo. \r\nBom, foi o meu marido que bateu. E ele me bate sempre, seu policial... \r\nPronto, falei! Falei! \r\n', 'O que tá realmente acontecendo? Eu vou te dizer o que é que tá realmente acontecendo, seu policial! O que tá acontecendo é que eu me casei com um monstro! Um monstro, que me bate sempre! O senhor entendeu agora o que tá acontecendo?\r\n\r\n\r\n'),
(40, 5, 'N', 'N', 'situacao 03 : policial descobre agrecao b + -', 'Os policiais não se convencem. ', '', 'Ai meu Deus… É, seu policial. O senhor tem toda razão… Não posso mentir pro senhor. Eu não gosto de mentira… \r\nEu não vou dizer que caí da escada. Claro que não.\r\nFoi meu marido que me bateu, mesmo. Ele me bate sempre, seu policial.\r\n\r\n\r\n\r\n\r\n\r\n', 'Tudo bem, seu policial. Vou te dizer a verdade. Não que o senhor já não saiba, né? É só uma questão de ouvir da minha boca mesmo, não é? Eu entendo que tenha que ser assim, eu entendo. \r\nBom, foi o meu marido que bateu. E ele me bate sempre, seu policial... \r\nPronto, falei! Falei! \r\n\r\n', 'O que tá realmente acontecendo? Eu vou te dizer o que é que tá realmente acontecendo, seu policial! O que tá acontecendo é que eu me casei com um monstro! Um monstro, que me bate sempre! O senhor entendeu agora o que tá acontecendo?\r\n\r\n\r\n'),
(49, 5, 'N', 'N', 'situacao 04 : mulher nao vai delegacia b +', 'Os policiais se oferecem para levar a “vizinha” à delegacia para prestar depoimento.', '', 'Ah, muito obrigada seu policial, de verdade. Eu agradeço muito a sua sugestão. Entendo que seria uma coisa importante, tanto para mim quanto para as outras mulheres que também passam por esse tipo de problema...\r\nMas eu prefiro não ir à delegacia.  Realmente prefiro, seu policial.  Não sei, a idéia não me agrada muito... \r\nO senhor entende?\r\n\r\n\r\n\r\n\r\n\r\n\r\n\r\n\r\n\r\n\r\n\r\n\r\n\r\n\r\n\r\n', 'Olha, seu policial, eu entendo sua sugestão e até aprecio sua gentileza e tudo...  Entendo que eu ir seria uma coisa importante e tal... Mas não vou à delegacia, não. É, não quero ir, não. Tenho certeza que o senhor vai respeitar minha vontade...    \r\n\r\n\r\n', 'Quem é que toma conta da minha vida? Eu mesma, seu policial. Então eu fico por aqui, tá bom? \r\nNão quero ir à delegacia nenhuma! Essa oferta não é nada, nada atraente. \r\nDelegacia... Com todo o respeito, o senhor investiu mal sua gentileza, seu policial.  \r\n\r\n'),
(53, 5, 'N', 'N', 'situacao 04 : mulher nao vai delegacia c +', 'Os policiais se oferecem para levar a “vizinha” à delegacia para prestar depoimento.', '', 'Ah, muito obrigada seu policial, de verdade. Eu agradeço muito a sua sugestão. Entendo que seria uma coisa importante, tanto para mim quanto para as outras mulheres que também passam por esse tipo de problema...\r\nMas eu prefiro não ir à delegacia.  Realmente prefiro, seu policial.  Não sei, a idéia não me agrada muito... \r\nO senhor entende?\r\n\r\n\r\n\r\n\r\n\r\n\r\n\r\n\r\n\r\n', 'Olha, seu policial, eu entendo perfeitamente a sugestão e aprecio sua gentileza.  Entendo que eu ir seria uma coisa importante. \r\nMas eu não gostaria de ir à delegacia, não. Não quero ir. \r\nTenho certeza que o senhor vai respeitar minha vontade...    \r\n\r\n\r\n\r\n\r\n', 'Quem é que toma conta da minha vida? Eu mesma, seu policial. Então eu fico por aqui, tá bom? \r\nNão quero ir à delegacia nenhuma! Essa oferta não é nada, nada atraente. \r\nDelegacia... Com todo o respeito, o senhor investiu mal sua gentileza, seu policial.  \r\n\r\n\r\n'),
(77, 5, 'N', 'N', 'situacao 04 : policial descobre agrecao d + ', 'Os policiais se oferecem para levar a “vizinha” à delegacia para prestar depoimento.', '', 'Ah, muito obrigada seu policial, de verdade. Eu agradeço muito a sua sugestão. Entendo que seria uma coisa importante, tanto para mim quanto para as outras mulheres que também passam por esse tipo de problema...\r\nMas eu prefiro não ir à delegacia.  Realmente prefiro, seu policial.  Não sei, a idéia não me agrada muito... \r\nO senhor entende?\r\n\r\n\r\n\r\n\r\n\r\n\r\n\r\n\r\n\r\n\r\n\r\n', 'Olha, seu policial, eu entendo perfeitamente a sugestão e aprecio sua gentileza.  Entendo que eu ir seria uma coisa importante. \r\nMas eu não gostaria de ir à delegacia, não. Não quero ir. \r\nTenho certeza que o senhor vai respeitar minha vontade...    \r\n\r\n\r\n\r\n', 'Quem é que toma conta da minha vida? Eu mesma, seu policial. Então eu fico por aqui, tá bom? \r\nNão quero ir à delegacia nenhuma! Essa oferta não é nada, nada atraente. \r\nDelegacia... Com todo o respeito, o senhor investiu mal sua gentileza, seu policial.  \r\n\r\n'),
(102, 5, 'N', 'Y', 't1.final', 'Descrição', '    Um conjunto de decisões oportunas, próprias, legais e legítimas construíram um desempenho irrepreensível e, portanto, amplamente elogiável.\r\n    De fato, aproveitar o princípio da oportunidade e ir imediatamente ao local da ocorrência é agir de forma perfeita.  \r\n    A decisão de entrevistar o casal em separado é também a mais adequada, uma vez que possibilita que se crie uma relação de confiança entre policial e vítima.\r\n    Ainda, ao notar indícios da ocorrência prévia de agressão à mulher, disponibilizar-se a conduzir a vítima à delegacia é a atitude mais apropriada.\r\n    Por fim, em um caso de flagrante delito, o policial não apenas dispõe de respaldo legal para tanto, como tem o dever de efetuar a prisão do agressor, independentemente da vontade da vítima.\r\n', '', '', ''),
(103, 5, 'N', 'Y', 't2.final', 'Descrição', '    De fato, aproveitar o princípio da oportunidade e ir imediatamente ao local da ocorrência é agir de forma perfeita.     \r\n    A decisão de entrevistar o casal em separado é também a mais adequada, uma vez que possibilita que se crie uma relação de confiança entre policial e vítima.\r\n    Ainda, ao notar indícios da ocorrência prévia de agressão à mulher, disponibilizar-se a conduzir a vítima à delegacia é a atitude mais apropriada.\r\n    Entretanto, a recusa da vítima em ir à delegacia não é motivo para que o policial dê a ocorrência por encerrada. A Lei Maria da Penha autoriza, em caso de existir lesão corporal, a apresentação de queixa mesmo sem a presença da vítima.\r\n', '', '', ''),
(104, 5, 'N', 'Y', 't3.final', 'Descrição', '    De fato, aproveitar o princípio da oportunidade e ir imediatamente ao local da ocorrência é agir de forma perfeita.  \r\n    A decisão de entrevistar o casal em separado é também a mais adequada, uma vez que possibilita que se crie uma relação de confiança entre policial e vítima.\r\n    Ainda, ao notar indícios da ocorrência prévia de agressão à mulher, disponibilizar-se a conduzir a vítima à delegacia é a atitude mais apropriada.\r\n    Por fim, a orientação policial a respeito da rede de serviços de atendimento às mulheres vítimas de violência e dos seus demais direitos possibilita que a vítima saiba onde procurar ajuda no futuro. Todavia, o mais apropriado é ir à delegacia e apresentar queixa, mesmo sem a presença da vítima. \r\n', '', '', ''),
(105, 5, 'N', 'Y', 't4.final', 'Descrição', '    De fato, aproveitar o princípio da oportunidade e ir imediatamente ao local da ocorrência é agir de forma perfeita.  \r\n    A decisão de entrevistar o casal em separado é também a mais adequada, uma vez que possibilita que se crie uma relação de confiança entre policial e vítima.\r\n    Contudo, ao descobrir que a vítima sofre agressões freqüentes, o melhor é disponibilizar-se a conduzi-la à delegacia. É verdade que é importante orientar a vítima sobre os direitos e serviços dos quais dispõe, mas, em alguns casos, as condições em que as informações são colhidas podem gerar riscos para a própria vítima. \r\n', '', '', ''),
(106, 5, 'N', 'Y', 't5.final', 'Descrição', '    De fato, aproveitar o princípio da oportunidade e ir imediatamente ao local da ocorrência é agir de forma perfeita.  \r\n    Todavia, a forma mais apropriada de entrevistar o casal é fazê-lo em separado. Dificilmente uma mulher vitimizada se queixa de agressões e ameaças na presença do marido agressor. E, caso ela o faça, se expõe ao risco de, futuramente, ser vítima de ainda mais violência.\r\n    Ainda, além de ser uma atitude excessiva e pouco profissional, ameaçar agredir o marido em caso de reincidência da agressão constitui crime.\r\n', '', '', ''),
(107, 5, 'N', 'Y', 't6.final', 'Descrição', '    Deixar de atender a uma possível ocorrência de crime grave equivale a incorrer em  prevaricação.\r\n    Em um caso de violência contra a mulher, uma intervenção policial imediata pode evitar uma morte. Portanto, a decisão de não ir ao socorro da vítima é inadequada. \r\n', '', '', ''),
(108, 5, 'N', 'Y', 't7.final', 'Descrição', '    De fato, aproveitar o princípio da oportunidade e ir imediatamente ao local da ocorrência é agir de forma perfeita.  \r\n    A decisão de entrevistar o casal em separado é também a mais adequada, uma vez que possibilita que se crie uma relação de confiança entre policial e vítima.\r\n    Entretanto, além de ser uma atitude excessiva e pouco profissional, ameaçar agredir o marido em caso de reincidência da agressão constitui crime.\r\n', '', '', ''),
(109, 5, 'N', 'Y', 't8.final', 'Descrição', '    De fato, aproveitar o princípio da oportunidade e ir imediatamente ao local da ocorrência é agir de forma perfeita.   \r\n    No entanto, aceitar a palavra da mulher e dar a ocorrência por encerrada após convencer-se de que não houve agressão é uma decisão inadequada. Ao agir dessa forma, o policial deixa de analisar a situação de forma cuidadosa, prescinde de fornecer qualquer tipo de informação ou amparo à vítima, e não previne de nenhuma forma o agravamento da situação. \r\n', '', '', ''),
(110, 5, 'N', 'Y', 't9.final', 'Descrição', '    De fato, aproveitar o princípio da oportunidade e ir imediatamente ao local da ocorrência é agir de forma perfeita.  \r\n    Todavia, a forma mais apropriada de entrevistar o casal é fazê-lo em separado. Dificilmente uma mulher vitimizada se queixa de agressões e ameaças na presença do marido agressor. E, caso ela o faça, se expõe ao risco de, futuramente, ser vítima de ainda mais violência.\r\n    Ainda, ao descobrir que a vítima sofre agressões freqüentes, o melhor é disponibilizar-se a conduzi-la à delegacia. É verdade que é importante orientar a vítima sobre os direitos e serviços dos quais dispõe, mas, em alguns casos, as condições em que as informações são colhidas podem gerar riscos para a própria vítima.\r\n', '', '', ''),
(111, 5, 'N', 'Y', 't10.final', 'Descrição', '    De fato, aproveitar o princípio da oportunidade e ir imediatamente ao local da ocorrência é agir de forma perfeita.  \r\n    Todavia, a forma mais apropriada de entrevistar o casal é fazê-lo em separado. Dificilmente uma mulher vitimizada se queixa de agressões e ameaças na presença do marido agressor. E, caso ela o faça, se expõe ao risco de, futuramente, ser vítima de ainda mais violência.\r\n    Por outro lado, ao notar indícios da ocorrência prévia de agressão à mulher, disponibilizar-se a conduzir a vítima à delegacia é a atitude mais apropriada.\r\n    Por fim, a orientação policial a respeito da rede de serviços de atendimento às mulheres vítimas de violência e dos seus demais direitos possibilita que a vítima saiba onde procurar ajuda no futuro. Contudo, o mais apropriado é ir à delegacia e apresentar queixa, mesmo sem a presença da vítima. \r\n', '', '', ''),
(112, 5, 'N', 'Y', 't11.final', 'Descrição', '    De fato, aproveitar o princípio da oportunidade e ir imediatamente ao local da ocorrência é agir de forma perfeita.  \r\n    Todavia, a forma mais apropriada de entrevistar o casal é fazê-lo em separado. Dificilmente uma mulher vitimizada se queixa de agressões e ameaças na presença do marido agressor. E, caso ela o faça, se expõe ao risco de, futuramente, ser vítima de ainda mais violência.\r\n    Por outro lado, ao notar indícios da ocorrência prévia de agressão à mulher, disponibilizar-se a conduzir a vítima à delegacia é a atitude mais apropriada.\r\n    Por fim, em um caso de flagrante delito, o policial não apenas dispõe de respaldo legal para tanto, como tem o dever de efetuar a prisão do agressor, independentemente da vontade da vítima.\r\n', '', '', ''),
(113, 5, 'N', 'Y', 't12.final', 'Descrição', '    De fato, aproveitar o princípio da oportunidade e ir imediatamente ao local da ocorrência é agir de forma perfeita.  \r\n    Todavia, a forma mais apropriada de entrevistar o casal é fazê-lo em separado. Dificilmente uma mulher vitimizada se queixa de agressões e ameaças na presença do marido agressor. E, caso ela o faça, se expõe ao risco de, futuramente, ser vítima de ainda mais violência.\r\n    Por outro lado, ao notar indícios da ocorrência prévia de agressão à mulher, disponibilizar-se a conduzir a vítima à delegacia é a atitude mais apropriada.\r\n    Entretanto, a recusa da vítima em ir à delegacia não é motivo para que o policial dê a ocorrência por encerrada. A Lei Maria da Penha autoriza, em caso de existir lesão corporal, a apresentação de queixa mesmo sem a presença da vítima.\r\n', '', '', ''),
(114, 5, 'N', 'Y', 't13.final', 'Descrição', '    Deixar de ir imediatamente ao local ocorrência não é a melhor decisão, visto que implica arriscar o princípio da oportunidade e, por consequência, possivelmente perder a chance de evitar que algo grave aconteça. Ainda, a forma mais apropriada de entrevistar o casal é fazê-lo em separado. Dificilmente uma mulher vitimizada se queixa de agressões e ameaças na presença do marido agressor. E, caso ela o faça, se expõe ao risco de, futuramente, ser vítima de ainda mais violência.\r\n    Por fim, ao descobrir que a vítima sofre agressões freqüentes, o melhor é disponibilizar-se a conduzi-la à delegacia. É verdade que é importante orientar a vítima sobre os direitos e serviços dos quais dispõe, mas, em alguns casos, as condições em que as informações são colhidas podem gerar riscos para a própria vítima.\r\n', '', '', ''),
(115, 5, 'N', 'Y', 't14.final', 'Descrição', '    Deixar de ir imediatamente ao local ocorrência não é a melhor decisão, visto que implica arriscar o princípio da oportunidade e, por consequência, possivelmente perder a chance de evitar que algo grave aconteça.\r\n    Ainda, a forma mais apropriada de entrevistar o casal é fazê-lo em separado. Dificilmente uma mulher vitimizada se queixa de agressões e ameaças na presença do marido agressor. E, caso ela o faça, se expõe ao risco de, futuramente, ser vítima de ainda mais violência.\r\n    Por fim, além de ser uma atitude excessiva e pouco profissional, ameaçar agredir o marido em caso de reincidência da agressão constitui crime.\r\n', '', '', ''),
(116, 5, 'N', 'Y', 't15.final', 'Descrição', '    Deixar de ir imediatamente ao local ocorrência não é a melhor decisão, visto que implica arriscar o princípio da oportunidade e, por consequência, possivelmente perder a chance de evitar que algo grave aconteça.\r\n    Ainda, a forma mais apropriada de entrevistar o casal é fazê-lo em separado. Dificilmente uma mulher vitimizada se queixa de agressões e ameaças na presença do marido agressor. E, caso ela o faça, se expõe ao risco de, futuramente, ser vítima de ainda mais violência.\r\n    Por outro lado, ao notar indícios da ocorrência prévia de agressão à mulher, disponibilizar-se a conduzir a vítima à delegacia é a atitude mais apropriada.\r\n    Por fim, em um caso de flagrante delito, o policial não apenas dispõe de respaldo legal para tanto, como tem o dever de efetuar a prisão do agressor, independentemente da vontade da vítima.\r\n', '', '', ''),
(117, 5, 'N', 'Y', 't16.final', 'Descrição', '    Deixar de ir imediatamente ao local ocorrência não é a melhor decisão, visto que implica arriscar o princípio da oportunidade e, por consequência, possivelmente perder a chance de evitar que algo grave aconteça.\r\n    Ainda, a forma mais apropriada de entrevistar o casal é fazê-lo em separado. Dificilmente uma mulher vitimizada se queixa de agressões e ameaças na presença do marido agressor. E, caso ela o faça, se expõe ao risco de, futuramente, ser vítima de ainda mais violência.\r\n    Por outro lado, ao notar indícios da ocorrência prévia de agressão à mulher, disponibilizar-se a conduzir a vítima à delegacia é a atitude mais apropriada.\r\n    Por fim, a orientação policial a respeito da rede de serviços de atendimento às mulheres vítimas de violência e dos seus demais direitos possibilita que a vítima saiba onde procurar ajuda no futuro. Contudo, o mais apropriado é ir à delegacia e apresentar queixa, mesmo sem a presença da vítima. \r\n', '', '', ''),
(118, 5, 'N', 'Y', 't17.final', 'Descrição', '    Deixar de ir imediatamente ao local ocorrência não é a melhor decisão, visto que implica arriscar o princípio da oportunidade e, por consequência, possivelmente perder a chance de evitar que algo grave aconteça.\r\n    Ainda, a forma mais apropriada de entrevistar o casal é fazê-lo em separado. Dificilmente uma mulher vitimizada se queixa de agressões e ameaças na presença do marido agressor. E, caso ela o faça, se expõe ao risco de, futuramente, ser vítima de ainda mais violência.\r\n    Por outro lado, ao notar indícios da ocorrência prévia de agressão à mulher, disponibilizar-se a conduzir a vítima à delegacia é a atitude mais apropriada.\r\n    Entretanto, a recusa da vítima em ir à delegacia não é motivo para que o policial dê a ocorrência por encerrada. A Lei Maria da Penha autoriza, em caso de existir lesão corporal, a apresentação de queixa mesmo sem a presença da vítima.\r\n', '', '', ''),
(119, 5, 'N', 'Y', 't18.final', 'Descrição', '    Deixar de ir imediatamente ao local ocorrência não é a melhor decisão, visto que implica arriscar o princípio da oportunidade e, por consequência, possivelmente perder a chance de evitar que algo grave aconteça.\r\n    Por outro lado, a decisão de entrevistar o casal em separado é a mais adequada, uma vez que possibilita que se crie uma relação de confiança entre policial e vítima.\r\n    Contudo, ao descobrir que a vítima sofre agressões freqüentes, o melhor é disponibilizar-se a conduzi-la à delegacia. É verdade que é importante orientar a vítima sobre os direitos e serviços dos quais dispõe, mas, em alguns casos, as condições em que as informações são colhidas podem gerar riscos para a própria vítima.\r\n\r\n', '', '', ''),
(120, 5, 'N', 'Y', 't19.final', 'Descrição', '    Deixar de ir imediatamente ao local ocorrência não é a melhor decisão, visto que implica arriscar o princípio da oportunidade e, por consequência, possivelmente perder a chance de evitar que algo grave aconteça.\r\n    Ainda, aceitar a palavra da mulher e dar a ocorrência por encerrada após convencer-se de que não houve agressão é uma decisão inadequada. Ao agir dessa forma, o policial deixa de analisar a situação de forma cuidadosa, prescinde de fornecer qualquer tipo de informação ou amparo à vítima, e não previne de nenhuma forma o agravamento da situação.\r\n', '', '', ''),
(122, 5, 'N', 'Y', 't20.final', 'Descrição', '    Deixar de ir imediatamente ao local ocorrência não é a melhor decisão, visto que implica arriscar o princípio da oportunidade e, por consequência, possivelmente perder a chance de evitar que algo grave aconteça.\r\n    Por outro lado, a decisão de entrevistar o casal em separado é a mais adequada, uma vez que possibilita que se crie uma relação de confiança entre policial e vítima.\r\n    Ainda, ao notar indícios da ocorrência prévia de agressão à mulher, disponibilizar-se a conduzir a vítima à delegacia é a atitude mais apropriada.\r\n    Por fim, em um caso de flagrante delito, o policial não apenas dispõe de respaldo legal para tanto, como tem o dever de efetuar a prisão do agressor, independentemente da vontade da vítima.\r\n', '', '', ''),
(123, 5, 'N', 'Y', 't21.final', 'Descrição', '    Deixar de ir imediatamente ao local ocorrência não é a melhor decisão, visto que implica arriscar o princípio da oportunidade e, por consequência, possivelmente perder a chance de evitar que algo grave aconteça.\r\n    Por outro lado, a decisão de entrevistar o casal em separado é a mais adequada, uma vez que possibilita que se crie uma relação de confiança entre policial e vítima.\r\n    Ainda, ao notar indícios da ocorrência prévia de agressão à mulher, disponibilizar-se a conduzir a vítima à delegacia é a atitude mais apropriada.\r\n    Por fim, a orientação policial a respeito da rede de serviços de atendimento às mulheres vítimas de violência e dos seus demais direitos possibilita que a vítima saiba onde procurar ajuda no futuro. Contudo, o mais apropriado é ir à delegacia e apresentar queixa, mesmo sem a presença da vítima. \r\n', '', '', ''),
(124, 5, 'N', 'Y', 't22.final', 'Descrição', '    Deixar de ir imediatamente ao local ocorrência não é a melhor decisão, visto que implica arriscar o princípio da oportunidade e, por consequência, possivelmente perder a chance de evitar que algo grave aconteça.\r\n    Por outro lado, a decisão de entrevistar o casal em separado é a mais adequada, uma vez que possibilita que se crie uma relação de confiança entre policial e vítima.\r\n    Ainda, ao notar indícios da ocorrência prévia de agressão à mulher, disponibilizar-se a conduzir a vítima à delegacia é a atitude mais apropriada.\r\n    Entretanto, a recusa da vítima em ir à delegacia não é motivo para que o policial dê a ocorrência por encerrada. A Lei Maria da Penha autoriza, em caso de existir lesão corporal, a apresentação de queixa mesmo sem a presença da vítima.\r\n', '', '', ''),
(125, 5, 'N', 'Y', 't23.final', 'Descrição', '    Deixar de ir imediatamente ao local ocorrência não é a melhor decisão, visto que implica arriscar o princípio da oportunidade e, por consequência, possivelmente perder a chance de evitar que algo grave aconteça.\r\n    Por outro lado, a decisão de entrevistar o casal em separado é a mais adequada, uma vez que possibilita que se crie uma relação de confiança entre policial e vítima.\r\n    Por fim, além de ser uma atitude excessiva e pouco profissional, ameaçar agredir o marido em caso de reincidência da agressão constitui crime.\r\n', '', '', ''),
(318, 6, 'N', 'Y', 't1.final', '', '    Decisões oportunas, próprias, legais e legítimas fizeram a trajetória perfeita, merecedora de parabéns.\r\n    De fato, em uma situação de abordagem de veículos, é adequado pedir aos passageiros que deixem o veículo. Medida de segurança.\r\n    Ainda, convidar o motorista a acompanhar a revista do veículo significa respeitar seus direitos. Atitude transparente e profissional.\r\n    É igualmente correto sustentar a legalidade da revista, a despeito de eventuais resistências por parte do motorista. E fazê-lo exclusivamente por meio da argumentação é a conduta ideal. Nesse caso, maiores conflitos podem ser convenientemente evitados.\r\n    Por fim, o encaminhamento dos passageiros à delegacia é realmente o procedimento mais legal e apropriado, independentemente da quantidade de drogas encontrada no veículo.\r\n', '', '', ''),
(319, 6, 'N', 'Y', 't2.final', '', '    De fato, em uma situação de abordagem de veículos, é adequado pedir aos passageiros que deixem o veículo. Medida de segurança.\r\n    Ainda, convidar o motorista a acompanhar a revista do veículo significa respeitar seus direitos. Atitude transparente e profissional.\r\n    É igualmente correto sustentar a legalidade da revista, a despeito de eventuais resistências por parte do motorista. E fazê-lo exclusivamente por meio da argumentação é a conduta ideal. Nesse caso, maiores conflitos podem ser convenientemente evitados.\r\n    Entretanto, dar voz de prisão ao motorista em cujo veículo foram encontradas drogas é uma atitude excessiva, para a qual o Policial Militar sequer dispõe de respaldo legal. Na realidade, cabe ao Delegado determinar se a quantidade de drogas encontrada caracteriza crime ou não. \r\n', '', '', ''),
(320, 6, 'N', 'Y', 't3.final', '', '    De fato, em uma situação de abordagem de veículos, é adequado pedir aos passageiros que deixem o veículo. Medida de segurança.\r\n    Ainda, convidar o motorista a acompanhar a revista do veículo significa respeitar seus direitos. Atitude transparente e profissional.\r\n    É igualmente correto sustentar a legalidade da revista, a despeito de eventuais resistências por parte do motorista. E fazê-lo exclusivamente por meio da argumentação é a conduta ideal. Nesse caso, maiores conflitos podem ser convenientemente evitados.\r\n    Todavia, liberar o motorista em cujo veículo foram encontradas drogas equivale a deixar de observar a lei e o procedimento policial. \r\n', '', '', ''),
(321, 6, 'N', 'Y', 't4.final', '', '    De fato, em uma situação de abordagem de veículos, é adequado pedir aos passageiros que deixem o veículo. Medida de segurança.\r\n    Ainda, convidar o motorista a acompanhar a revista do veículo significa respeitar seus direitos. Atitude transparente e profissional.\r\n    É igualmente correto sustentar a legalidade da revista, a despeito de eventuais resistências por parte do motorista. Contudo, convém reservar a decisão de efetuar prisões para casos mais claros de desrespeito à autoridade policial. O mais adequado, nesse caso, é utilizar somente a argumentação para fazer valer a lei. \r\n', '', '', ''),
(322, 6, 'N', 'Y', 't5.final', '', '    De fato, em uma situação de abordagem de veículos, é correto pedir aos passageiros que deixem o veículo.Medida de segurança.\r\n    Todavia, é importante que o motorista acompanhe a revista do veículo. Agir com transparência é um dever do policial, ao qual o cidadão tem direito.\r\n    Ainda, o Policial Militar dispõe de autoridade e amparo legal para efetuar a revista de veículos. A resistência do motorista não deve impedir a ação policial. \r\n', '', '', ''),
(323, 6, 'N', 'Y', 't6.final', '', '    Limitar-se a conferir os documentos do motorista significa ignorar os requisitos técnicos de abordagem de veículos, além de implicar em deixar de adotar medidas que apontam para a preservação da segurança e da integridade física do policial.\r\n', '', '', ''),
(324, 6, 'N', 'Y', 't7.final', '', '    De fato, em uma situação de abordagem de veículos, é correto pedir aos passageiros que deixem o veículo. Medida de segurança.\r\n    Ainda, convidar o motorista a acompanhar a revista do veículo significa respeitar seus direitos. Atitude transparente e profissional.\r\n    Todavia, o Policial Militar dispõe de autoridade e amparo legal para efetuar a revista de veículos. A resistência do motorista não deve impedir a ação policial.\r\n', '', '', ''),
(325, 6, 'N', 'Y', 't8.final', '', '    De fato, em uma situação de abordagem de veículos, é correto pedir aos passageiros que deixem o veículo. Medida de segurança.\r\n    Entretanto, a decisão de liberar o motorista após ser constatada a regularidade de seus documentos é inadequada. Os objetivos das operações policiais de abordagem absolutamente não se limitam à checagem de documentos. \r\n', '', '', ''),
(326, 6, 'N', 'Y', 't9.final', '', '    De fato, em uma situação de abordagem de veículos, é correto pedir aos passageiros que deixem o veículo. Medida de segurança.\r\n    Todavia, é importante que o motorista acompanhe a revista do veículo. Agir com transparência é um dever do policial, ao qual o cidadão tem direito.\r\n    É também correto sustentar a legalidade da revista, a despeito de eventuais resistências por parte do motorista. Contudo, convém reservar a decisão de efetuar prisões para casos mais claros de desrespeito à autoridade policial. O mais adequado, nesse caso, é utilizar somente a argumentação para fazer valer a lei. \r\n', '', '', ''),
(327, 6, 'N', 'Y', 't10.final', '', '    De fato, em uma situação de abordagem de veículos, é correto pedir aos passageiros que deixem o veículo. Medida de segurança.\r\n    Todavia, é importante que o motorista acompanhe a revista do veículo. Agir com transparência é um dever do policial, ao qual o cidadão tem direito.\r\n    É igualmente correto sustentar a legalidade da revista, a despeito de eventuais resistências por parte do motorista. E fazê-lo exclusivamente por meio da argumentação é a conduta ideal. Nesse caso, maiores conflitos podem ser convenientemente evitados.\r\n    Entretanto, liberar o motorista em cujo veículo foram encontradas drogas equivale a deixar de observar a lei e o procedimento policial.\r\n', '', '', ''),
(328, 6, 'N', 'Y', 't11.final', '', '    De fato, em uma situação de abordagem de veículos, é adequado pedir aos passageiros que deixem o veículo. Medida de segurança.\r\n    Todavia, é importante que o motorista acompanhe a revista do veículo. Agir com transparência é um dever do policial, ao qual o cidadão tem direito.\r\n    É igualmente correto sustentar a legalidade da revista, a despeito de eventuais resistências por parte do motorista. E fazê-lo exclusivamente por meio da argumentação é a conduta ideal. Nesse caso, maiores conflitos podem ser convenientemente evitados.\r\n    Por fim, o encaminhamento dos passageiros à delegacia é realmente o procedimento mais legal e apropriado, independentemente da quantidade de drogas encontrada no veículo.\r\n ', '', '', ''),
(329, 6, 'N', 'Y', 't12.final', '', '    De fato, em uma situação de abordagem de veículos, é adequado pedir aos passageiros que deixem o veículo. Medida de segurança.\r\n    Todavia, é importante que o motorista acompanhe a revista do veículo. Agir com transparência é um dever do policial, ao qual o cidadão tem direito.\r\n    É igualmente correto sustentar a legalidade da revista, a despeito de eventuais resistências por parte do motorista. E fazê-lo exclusivamente por meio da argumentação é a conduta ideal. Nesse caso, maiores conflitos podem ser convenientemente evitados.\r\n    Entretanto, dar voz de prisão ao motorista em cujo veículo foram encontradas drogas é uma atitude excessiva, para a qual o Policial Militar sequer dispõe de respaldo legal. Na realidade, cabe ao Delegado determinar se a quantidade de drogas encontrada caracteriza crime ou não.\r\n', '', '', ''),
(330, 6, 'N', 'Y', 't13.final', '', '    A decisão de revistar apenas o motorista não é a mais adequada. Afinal, os demais passageiros de um veículo podem igualmente oferecer riscos.\r\n    E é importante que o motorista acompanhe a revista do veículo. Agir com transparência é um dever do policial, ao qual o cidadão tem direito.\r\n    Ainda, é correto sustentar a legalidade da revista, a despeito de eventuais resistências por parte do motorista. Contudo, convém reservar a decisão de efetuar prisões para casos mais claros de desrespeito à autoridade policial. O mais adequado, nesse caso, é utilizar somente a argumentação para fazer valer a lei.\r\n', '', '', ''),
(331, 6, 'N', 'Y', 't14.final', '', '    A decisão de revistar apenas o motorista não é a mais adequada. Afinal, os demais passageiros de um veículo podem igualmente oferecer riscos.\r\n    E é importante que o motorista acompanhe a revista do veículo. Agir com transparência é um dever do policial, ao qual o cidadão tem direito.\r\n    Ainda, o Policial Militar dispõe de autoridade e amparo legal para efetuar a revista de veículos. A resistência do motorista não deve impedir a ação policial.\r\n', '', '', ''),
(332, 6, 'N', 'Y', 't15.final', '', '    A decisão de revistar apenas o motorista não é a mais adequada. Afinal, os demais passageiros de um veículo podem igualmente oferecer riscos.\r\n    E é importante que o motorista acompanhe a revista do veículo. Agir com transparência é um dever do policial, ao qual o cidadão tem direito.\r\n    Por outro lado, é correto sustentar a legalidade da revista, a despeito de eventuais resistências por parte do motorista. E fazê-lo exclusivamente por meio da argumentação é a conduta ideal. Nesse caso, maiores conflitos podem ser convenientemente evitados.\r\n    Por fim, o encaminhamento dos passageiros à delegacia é realmente o procedimento mais legal e apropriado, independentemente da quantidade de drogas encontrada no veículo.\r\n', '', '', ''),
(333, 6, 'N', 'Y', 't16.final', '', '    A decisão de revistar apenas o motorista não é a mais adequada. Afinal, os demais passageiros de um veículo podem igualmente oferecer riscos.\r\n    E é importante que o motorista acompanhe a revista do veículo. Agir com transparência é um dever do policial, ao qual o cidadão tem direito.\r\n    Por outro lado, é correto sustentar a legalidade da revista, a despeito de eventuais resistências por parte do motorista. E fazê-lo exclusivamente por meio da argumentação é a conduta ideal. Nesse caso, maiores conflitos podem ser convenientemente evitados.\r\n    Entretanto, liberar o motorista em cujo veículo foram encontradas drogas equivale a deixar de observar a lei e o procedimento policial.\r\n', '', '', ''),
(334, 6, 'N', 'Y', 't17.final', '', '    A decisão de revistar apenas o motorista não é a mais adequada. Afinal, os demais passageiros de um veículo podem igualmente oferecer riscos.\r\n    E é importante que o motorista acompanhe a revista do veículo. Agir com transparência é um dever do policial, ao qual o cidadão tem direito.\r\n    Por outro lado, é correto sustentar a legalidade da revista, a despeito de eventuais resistências por parte do motorista. E fazê-lo exclusivamente por meio da argumentação é a conduta ideal. Nesse caso, maiores conflitos podem ser convenientemente evitados.\r\n    Entretanto, dar voz de prisão ao motorista em cujo veículo foram encontradas drogas é uma atitude excessiva, para a qual o Policial Militar sequer dispõe de respaldo legal. Na realidade, cabe ao Delegado determinar se a quantidade de drogas encontrada caracteriza crime ou não.\r\n', '', '', ''),
(335, 6, 'N', 'Y', 't18.final', '', '    A decisão de revistar apenas o motorista não é a mais adequada. Afinal, os demais passageiros de um veículo podem igualmente oferecer riscos.\r\n    Por outro lado, convidar o motorista a acompanhar a revista do veículo significa respeitar seus direitos. Atitude transparente e profissional.\r\n    Por fim, é correto sustentar a legalidade da revista, a despeito de eventuais resistências por parte do motorista. Contudo, convém reservar a decisão de efetuar prisões para casos mais claros de desrespeito à autoridade policial. O mais adequado, nesse caso, é utilizar somente a argumentação para fazer valer a lei.\r\n', '', '', ''),
(336, 6, 'N', 'Y', 't19.final', '', '    A decisão de revistar apenas o motorista não é a mais adequada. Afinal, os demais passageiros de um veículo podem igualmente oferecer riscos.\r\n    Ainda, a decisão de liberar o motorista após ser constatada a regularidade de seus documentos é incorreta. Os objetivos das operações policiais de abordagem absolutamente não se limitam à checagem de documentos.\r\n', '', '', ''),
(337, 6, 'N', 'Y', 't20.final', '', '    A decisão de revistar apenas o motorista não é a mais adequada. Afinal, os demais passageiros de um veículo podem igualmente oferecer riscos.\r\n    Por outro lado, convidar o motorista a acompanhar a revista do veículo significa respeitar seus direitos. Atitude transparente e profissional.\r\n    É também correto sustentar a legalidade da revista, a despeito de eventuais resistências por parte do motorista. E fazê-lo exclusivamente por meio da argumentação é a conduta ideal. Nesse caso, maiores conflitos podem ser convenientemente evitados.\r\n    Por fim, o encaminhamento dos passageiros à delegacia é realmente o procedimento mais legal e apropriado, independentemente da quantidade de drogas encontrada no veículo.\r\n', '', '', ''),
(338, 6, 'N', 'Y', 't21.final', '', '    A decisão de revistar apenas o motorista não é a mais adequada. Afinal, os demais passageiros de um veículo podem igualmente oferecer riscos.\r\n    Por outro lado, convidar o motorista a acompanhar a revista do veículo significa respeitar seus direitos. Atitude transparente e profissional.\r\n    É igualmente correto sustentar a legalidade da revista, a despeito de eventuais resistências por parte do motorista. E fazê-lo exclusivamente por meio da argumentação é a conduta ideal. Nesse caso, maiores conflitos podem ser convenientemente evitados.\r\n    Entretanto, dar voz de prisão ao motorista em cujo veículo foram encontradas drogas é uma atitude excessiva, para a qual o Policial Militar sequer dispõe de respaldo legal. Na realidade, cabe ao Delegado determinar se a quantidade de drogas encontrada caracteriza crime ou não.\r\n', '', '', ''),
(339, 6, 'N', 'Y', 't22.final', '', '    A decisão de revistar apenas o motorista não é a mais adequada. Afinal, os demais passageiros de um veículo podem igualmente oferecer riscos.\r\n    Por outro lado, convidar o motorista a acompanhar a revista do veículo significa respeitar seus direitos. Atitude transparente e profissional.\r\n    É igualmente correto sustentar a legalidade da revista, a despeito de eventuais resistências por parte do motorista. E fazê-lo exclusivamente por meio da argumentação é a conduta ideal. Nesse caso, maiores conflitos podem ser convenientemente evitados.\r\n    Entretanto, dar voz de prisão ao motorista em cujo veículo foram encontradas drogas é uma atitude excessiva, para a qual o Policial Militar sequer dispõe de respaldo legal. Na realidade, cabe ao Delegado determinar se a quantidade de drogas encontrada caracteriza crime ou não.\r\n', '', '', ''),
(340, 6, 'N', 'Y', 't23.final', '', '    A decisão de revistar apenas o motorista não é a mais adequada. Afinal, os demais passageiros de um veículo podem igualmente oferecer riscos.\r\n    Por outro lado, convidar o motorista a acompanhar a revista do veículo significa respeitar seus direitos. Atitude transparente e profissional.\r\n    Ainda, o Policial Militar dispõe de autoridade e amparo legal para efetuar a revista de veículos. A resistência do motorista não deve impedir a ação policial.\r\n', '', '', ''),
(341, 18, 'N', 'Y', 't1.final', '', '    Sucessivas decisões oportunas, próprias, legais e legítimas construíram uma trajetória impecável, digna de todos os cumprimentos.\r\n    A decisão de agir imediatamente é a melhor, especialmente quando aliada ao cuidado de buscar informações diretamente com a vítima. É importante que as ações futuras do policial se apóiem em bases concretas.\r\n    Solicitar reforços junto à central é também a atitude correta, já que incrementa as chances de prisão dos suspeitos, ao tempo que diminui os riscos ao policial.\r\n    E, uma vez que o policial se perceba alvo de disparos, a decisão de procurar abrigo é a mais adequada. Além de servir à segurança do policial, essa medida permite acompanhar visualmente a fuga dos suspeitos, bem como colher informações possivelmente úteis ao apoio.\r\n    Por fim, priorizar o emprego de comandos verbais à efetuação de disparos é adotar a conduta perfeita. É muito importante fazer o uso gradual e qualificado da força. \r\n', '', '', ''),
(342, 18, 'N', 'Y', 't2.final', '', '    A decisão de agir imediatamente é a melhor, especialmente quando aliada ao cuidado de buscar informações diretamente com a vítima. É importante que as ações futuras do policial se apóiem em bases concretas.\r\n    Solicitar reforços junto à central é também a atitude correta, já que incrementa as chances de prisão dos suspeitos, ao tempo que diminui os riscos ao policial.\r\n    E, uma vez que o policial se perceba alvo de disparos, a decisão de procurar abrigo é a mais adequada. Além de servir à segurança do policial, essa medida permite acompanhar visualmente a fuga dos suspeitos, bem como colher informações possivelmente úteis ao apoio.\r\n    No entanto, disparar contra os assaltantes significa abusar do uso da força. O fato de estarem encurralados e, portanto, não oferecem riscos à vida do policial, agrava ainda mais a situação. Nesse caso, o policial poderá responder pelo crime de homicídio. \r\n', '', '', ''),
(343, 18, 'N', 'Y', 't3.final', '', '    A decisão de agir imediatamente é a melhor, especialmente quando aliada ao cuidado de buscar informações diretamente com a vítima. É importante que as ações futuras do policial se apóiem em bases concretas.\r\n    Solicitar reforços junto à central é também a atitude correta, já que incrementa as chances de prisão dos suspeitos, ao tempo que diminui os riscos ao policial.\r\n    E, uma vez que o policial se perceba alvo de disparos, a decisão de procurar abrigo é a mais adequada. Além de servir à segurança do policial, essa medida permite acompanhar visualmente a fuga dos suspeitos, bem como colher informações possivelmente úteis ao apoio.\r\n    No entanto, disparar contra os assaltantes significa abusar do uso da força. O fato de estarem encurralados e, portanto, não oferecem riscos à vida do policial, agrava ainda mais a situação. Nesse caso, o policial poderá responder pelo crime de homicídio. \r\n', '', '', ''),
(344, 18, 'N', 'Y', 't4.final', '', '    A decisão de agir imediatamente é a melhor, especialmente quando aliada ao cuidado de buscar informações diretamente com a vítima. É importante que as ações futuras do policial se apóiem em bases concretas.\r\n    Solicitar reforços junto à central é também a atitude correta, já que incrementa as chances de prisão dos suspeitos, ao tempo que diminui os riscos ao policial.\r\n    Contudo, por vezes o melhor é interromper uma perseguição, por mais impopular que possa ser essa medida. Apesar de o senso comum esperar sempre que ocorra a prisão do criminoso, a interrupção é uma atitude legal e a avaliação dos riscos de uma situação cabe exclusivamente ao policial.\r\n', '', '', '');
INSERT INTO `situacoes` (`id_situacao`, `id_caso`, `primeira_situacao`, `situacao_final`, `identificador`, `descricao`, `final`, `problematica_boa`, `problematica_media`, `problematica_ruim`) VALUES
(345, 18, 'N', 'Y', 't5.final', '', '    A decisão de agir imediatamente é a melhor, especialmente quando aliada ao cuidado de buscar informações diretamente com a vítima. É importante que as ações futuras do policial se apóiem em bases concretas.\r\n    Todavia, sair em perseguição aos criminosos sem solicitar apoio à central significa deixar de adotar um procedimento de segurança e, por conseguinte, colocar a própria vida em risco.\r\n    Ainda, o policial só dispõe de respaldo legal para efetuar disparos em legítima defesa, mesmo em uma situação de alto risco. Afinal, uma troca de tiros sempre pode levar à vitimização de pessoas.\r\n', '', '', ''),
(346, 18, 'N', 'Y', 't6.final', '', '    A decisão de partir em perseguição aos suspeitos sem o cuidado de antes procurar obter informações adequadas prejudica a boa compreensão da ocorrência. Nesse caso, o policial sequer dispõe dos elementos necessários à identificação dos acusados e se sujeita à influência de estereótipos, no lugar de basear suas ações em informações concretas. Além disso, a perseguição precipitada gera riscos tanto para o policial quanto para terceiros. \r\n', '', '', ''),
(347, 18, 'N', 'Y', 't7.final', '', '    A decisão de agir imediatamente é a melhor, especialmente quando aliada ao cuidado de buscar informações diretamente com a vítima. É importante que as ações futuras do policial se apóiem em bases concretas.\r\n    Solicitar reforços junto à central é também a atitude correta, já que incrementa as chances de prisão dos suspeitos, ao tempo que diminui os riscos ao policial.\r\n    Entretanto, o policial só dispõe de respaldo legal para efetuar disparos em legítima defesa, mesmo em uma situação de alto risco. Afinal, uma troca de tiros sempre pode levar à vitimização de pessoas.\r\n', '', '', ''),
(348, 18, 'N', 'Y', 't8.final', '', '    A decisão de agir imediatamente é a melhor, especialmente quando aliada ao cuidado de buscar informações diretamente com a vítima. É importante que as ações futuras do policial se apóiem em bases concretas.\r\n    No entanto, apesar de as ações policiais terem sempre a vítima como prioridade e de ser verdade que por vezes o melhor é permitir a evasão do criminoso para que riscos sejam evitados, nem sempre é esse o caso. Nessa ocorrência, a prisão dos assaltantes é possível e nada indica que a vítima precise especialmente de acompanhamento policial.\r\n', '', '', ''),
(349, 18, 'N', 'Y', 't9.final', '', '    A decisão de agir imediatamente é a melhor, especialmente quando aliada ao cuidado de buscar informações diretamente com a vítima. É importante que as ações futuras do policial se apóiem em bases concretas.\r\n    Todavia, sair em perseguição aos criminosos sem solicitar apoio à central significa deixar de adotar um procedimento de segurança e, por conseguinte, colocar a própria vida em risco.\r\n    Ainda, por vezes o melhor é interromper uma perseguição, por mais impopular que possa ser essa medida. Apesar de o senso comum esperar sempre que ocorra a prisão do criminoso, a interrupção é uma atitude legal e a avaliação dos riscos de uma situação cabe exclusivamente ao policial.\r\n', '', '', ''),
(350, 18, 'N', 'Y', 't10.final', '', '    A decisão de agir imediatamente é a melhor, especialmente quando aliada ao cuidado de buscar informações diretamente com a vítima. É importante que as ações futuras do policial se apóiem em bases concretas.\r\n    Todavia, sair em perseguição aos criminosos sem solicitar apoio à central significa deixar de adotar um procedimento de segurança e, por conseguinte, colocar a própria vida em risco.\r\n    Por outro lado, uma vez que o policial se perceba alvo de disparos, a decisão de procurar abrigo é a mais adequada. Além de servir à segurança do policial, essa medida permite acompanhar visualmente a fuga dos suspeitos, bem como colher informações possivelmente úteis ao apoio.\r\n    Entretanto, a decisão de efetuar disparos para o alto não apenas é ilegal, como também produz risco. De fato, não é possível ter controle sobre a trajetória da bala, o que implica a possibilidade de que alguém seja atingido.\r\n', '', '', ''),
(351, 18, 'N', 'Y', 't11.final', '', '    A decisão de agir imediatamente é a melhor, especialmente quando aliada ao cuidado de buscar informações diretamente com a vítima. É importante que as ações futuras do policial se apóiem em bases concretas.\r\n    Todavia, sair em perseguição aos criminosos sem solicitar apoio à central significa deixar de adotar um procedimento de segurança e, por conseguinte, colocar a própria vida em risco.\r\n    Por outro lado, uma vez que o policial se perceba alvo de disparos, a decisão de procurar abrigo é a mais adequada. Além de servir à segurança do policial, essa medida permite acompanhar visualmente a fuga dos suspeitos, bem como colher informações possivelmente úteis ao apoio.\r\n    Por fim, priorizar o emprego de comandos verbais à efetuação de disparos é adotar a conduta perfeita. É muito importante fazer o uso gradual e qualificado da força.\r\n', '', '', ''),
(352, 18, 'N', 'Y', 't12.final', '', '    A decisão de agir imediatamente é a melhor, especialmente quando aliada ao cuidado de buscar informações diretamente com a vítima. É importante que as ações futuras do policial se apóiem em bases concretas.\r\n    Todavia, sair em perseguição aos criminosos sem solicitar apoio à central significa deixar de adotar um procedimento de segurança e, por conseguinte, colocar a própria vida em risco.\r\n    Por outro lado, uma vez que o policial se perceba alvo de disparos, a decisão de procurar abrigo é a mais adequada. Além de servir à segurança do policial, essa medida permite acompanhar visualmente a fuga dos suspeitos, bem como colher informações possivelmente úteis ao apoio.\r\n    No entanto, disparar contra os assaltantes significa abusar do uso da força. O fato de estarem encurralados e, portanto, não oferecem riscos à vida do policial, agrava ainda mais a situação. Nesse caso, o policial poderá responder pelo crime de homicídio.\r\n', '', '', ''),
(353, 18, 'N', 'Y', 't13.final', '', '    A decisão de agir imediatamente está correta. Entretanto, as informações obtidas junto à população próxima ao local da ocorrência podem não ser as mais precisas e adequadas.\r\n    Ainda, sair em perseguição aos criminosos sem solicitar apoio à central significa deixar de adotar um procedimento de segurança e, por conseguinte, colocar a própria vida em risco.\r\n    Finalmente, por vezes o melhor é interromper uma perseguição, por mais impopular que possa ser essa medida. Apesar de o senso comum esperar sempre que ocorra a prisão do criminoso, a interrupção é uma atitude legal e a avaliação dos riscos de uma situação cabe exclusivamente ao policial.\r\n', '', '', ''),
(354, 18, 'N', 'Y', 't14.final', '', '    A decisão de agir imediatamente está correta. Entretanto, as informações obtidas junto à população próxima ao local da ocorrência podem não ser as mais precisas e adequadas.\r\n    Ainda, sair em perseguição aos criminosos sem solicitar apoio à central significa deixar de adotar um procedimento de segurança e, por conseguinte, colocar a própria vida em risco.\r\n    Por fim, o policial só dispõe de respaldo legal para efetuar disparos em legítima defesa, mesmo em uma situação de alto risco. Afinal, uma troca de tiros sempre pode levar à vitimização de pessoas.\r\n', '', '', ''),
(355, 18, 'N', 'Y', 't15.final', '', '    A decisão de agir imediatamente está correta. Entretanto, as informações obtidas junto à população próxima ao local da ocorrência podem não ser as mais precisas e adequadas.\r\n    Ainda, sair em perseguição aos criminosos sem solicitar apoio à central significa deixar de adotar um procedimento de segurança e, por conseguinte, colocar a própria vida em risco.\r\n    Por outro lado, uma vez que o policial se perceba alvo de disparos, a decisão de procurar abrigo é a mais adequada. Além de servir à segurança do policial, essa medida permite acompanhar visualmente a fuga dos suspeitos, bem como colher informações possivelmente úteis ao apoio.\r\n    Por fim, priorizar o emprego de comandos verbais à efetuação de disparos é adotar a conduta perfeita. É muito importante fazer o uso gradual e qualificado da força.\r\n', '', '', ''),
(356, 18, 'N', 'Y', 't16.final', '', '    A decisão de agir imediatamente está correta. Entretanto, as informações obtidas junto à população próxima ao local da ocorrência podem não ser as mais precisas e adequadas.\r\n    Ainda, sair em perseguição aos criminosos sem solicitar apoio à central significa deixar de adotar um procedimento de segurança e, por conseguinte, colocar a própria vida em risco.\r\n    Por outro lado, uma vez que o policial se perceba alvo de disparos, a decisão de procurar abrigo é a mais adequada. Além de servir à segurança do policial, essa medida permite acompanhar visualmente a fuga dos suspeitos, bem como colher informações possivelmente úteis ao apoio.\r\n    Entretanto, a decisão de efetuar disparos para o alto não apenas é ilegal, como também produz risco. De fato, não é possível ter controle sobre a trajetória da bala, o que implica a possibilidade de que alguém seja atingido.\r\n', '', '', ''),
(357, 18, 'N', 'Y', 't17.final', '', '    A decisão de agir imediatamente está correta. Entretanto, as informações obtidas junto à população próxima ao local da ocorrência podem não ser as mais precisas e adequadas.\r\n    Ainda, sair em perseguição aos criminosos sem solicitar apoio à central significa deixar de adotar um procedimento de segurança e, por conseguinte, colocar a própria vida em risco.\r\n    Por outro lado, uma vez que o policial se perceba alvo de disparos, a decisão de procurar abrigo é a mais adequada. Além de servir à segurança do policial, essa medida permite acompanhar visualmente a fuga dos suspeitos, bem como colher informações possivelmente úteis ao apoio.\r\n    No entanto, disparar contra os assaltantes significa abusar do uso da força. O fato de estarem encurralados e, portanto, não oferecem riscos à vida do policial, agrava ainda mais a situação. Nesse caso, o policial poderá responder pelo crime de homicídio.\r\n', '', '', ''),
(358, 18, 'N', 'Y', 't18.final', '', '    A decisão de agir imediatamente está correta. Entretanto, as informações obtidas junto à população próxima ao local da ocorrência podem não ser as mais precisas e adequadas.\r\n    Por outro lado, solicitar reforços junto à central é a melhor atitude, já que incrementa as chances de prisão dos suspeitos, ao tempo que diminui os riscos ao policial.\r\n    Contudo, por vezes o melhor é interromper uma perseguição, por mais impopular que possa ser essa medida. Apesar de o senso comum esperar sempre que ocorra a prisão do criminoso, a interrupção é uma atitude legal e a avaliação dos riscos de uma situação cabe exclusivamente ao policial.\r\n', '', '', ''),
(359, 18, 'N', 'Y', 't19.final', '', '    A decisão de agir imediatamente está correta. Entretanto, as informações obtidas junto à população próxima ao local da ocorrência podem não ser as mais precisas e adequadas.\r\n    Ainda, apesar de as ações policiais terem sempre a vítima como prioridade e de ser verdade que por vezes o melhor é permitir a evasão do criminoso para que riscos sejam evitados, nem sempre é esse o caso. Nessa ocorrência, a prisão dos assaltantes é possível e nada indica que a vítima precise especialmente de acompanhamento policial.\r\n', '', '', ''),
(360, 18, 'N', 'Y', 't20.final', '', '    A decisão de agir imediatamente está correta. Entretanto, as informações obtidas junto à população próxima ao local da ocorrência podem não ser as mais precisas e adequadas.\r\n    Por outro lado, solicitar reforços junto à central é a melhor atitude, já que incrementa as chances de prisão dos suspeitos, ao tempo que diminui os riscos ao policial.\r\n    E, uma vez que o policial se perceba alvo de disparos, a decisão de procurar abrigo é também a mais adequada. Além de servir à segurança do policial, essa medida permite acompanhar visualmente a fuga dos suspeitos, bem como colher informações possivelmente úteis ao apoio.\r\n    Por fim, priorizar o emprego de comandos verbais à efetuação de disparos é adotar a conduta perfeita. É muito importante fazer o uso gradual e qualificado da força.\r\n', '', '', ''),
(361, 18, 'N', 'Y', 't21.final', '', '    A decisão de agir imediatamente está correta. Todavia, as informações obtidas junto à população próxima ao local da ocorrência podem não ser as mais precisas e adequadas.\r\n    Por outro lado, solicitar reforços junto à central é a melhor atitude, já que incrementa as chances de prisão dos suspeitos, ao tempo que diminui os riscos ao policial.\r\n    E, uma vez que o policial se perceba alvo de disparos, a decisão de procurar abrigo é também a mais adequada. Além de servir à segurança do policial, essa medida permite acompanhar visualmente a fuga dos suspeitos, bem como colher informações possivelmente úteis ao apoio.\r\n    Entretanto, a decisão de efetuar disparos para o alto não apenas é ilegal, como também produz risco. De fato, não é possível ter controle sobre a trajetória da bala, o que implica a possibilidade de que alguém seja atingido.\r\n', '', '', ''),
(362, 18, 'N', 'Y', 't22.final', '', '    A decisão de agir imediatamente está correta. Todavia, as informações obtidas junto à população próxima ao local da ocorrência podem não ser as mais precisas e adequadas.\r\n    Por outro lado, solicitar reforços junto à central é a melhor atitude, já que incrementa as chances de prisão dos suspeitos, ao tempo que diminui os riscos ao policial.\r\n    E, uma vez que o policial se perceba alvo de disparos, a decisão de procurar abrigo é também a mais adequada. Além de servir à segurança do policial, essa medida permite acompanhar visualmente a fuga dos suspeitos, bem como colher informações possivelmente úteis ao apoio.\r\n    No entanto, disparar contra os assaltantes significa abusar do uso da força. O fato de estarem encurralados e, portanto, não oferecem riscos à vida do policial, agrava ainda mais a situação. Nesse caso, o policial poderá responder pelo crime de homicídio.\r\n', '', '', ''),
(363, 18, 'N', 'Y', 't23.final', '', '    A decisão de agir imediatamente está correta. Todavia, as informações obtidas junto à população próxima ao local da ocorrência podem não ser as mais precisas e adequadas.\r\n    Por outro lado, solicitar reforços junto à central é a melhor atitude, já que incrementa as chances de prisão dos suspeitos, ao tempo que diminui os riscos ao policial.\r\n    Entretanto, o policial só dispõe de respaldo legal para efetuar disparos em legítima defesa, mesmo em uma situação de alto risco. Afinal, uma troca de tiros sempre pode levar à vitimização de pessoas.\r\n', '', '', ''),
(364, 18, 'N', 'N', 's3a+', 'Na perseguição aos assaltantes, os policiais são alvo de disparos. ', '', '  Bom, se a gente ainda não sabia se eles tinham arma ou não, tá aí a informação que tava faltando! Não tem mais muita dúvida! Só não foi um jeito nada agradável de descobrir!\r\n    O que é que você acha dessa nossa situação, policial? Vamos fazer o quê?\r\n', '  Bom, se a gente ainda não sabia se eles tinham arma ou não, tá aí a informação que tava faltando! Não tem mais muita dúvida! Só não foi um jeito nada agradável de descobrir!\r\n    O que é que você acha dessa nossa situação, policial? Vamos fazer o quê?\r\n', '  Bom, se a gente ainda não sabia se eles tinham arma ou não, tá aí a informação que tava faltando! Não tem mais muita dúvida! Só não foi um jeito nada agradável de descobrir!\r\n    O que é que você acha dessa nossa situação, policial? Vamos fazer o quê?\r\n'),
(365, 18, 'Y', 'N', 's1', 'Os policiais ouvem gritos. Entendem que houve um roubo.  ', '', '    Escutou isso, policial? Parece um... Um roubo, não?  \r\n    Essa cidade tá uma coisa, não tá nada fácil!\r\n    Acho que é! É, sim! É um roubo, mesmo, com certeza!\r\n    O que você acha, policial? O que é que a gente deve fazer?\r\n', '    Escutou isso, policial? Parece um... Um roubo, não?  \r\n    Essa cidade tá uma coisa, não tá nada fácil!\r\n    Acho que é! É, sim! É um roubo, mesmo, com certeza!\r\n    O que você acha, policial? O que é que a gente deve fazer?\r\n', '    Escutou isso, policial? Parece um... Um roubo, não?  \r\n    Essa cidade tá uma coisa, não tá nada fácil!\r\n    Acho que é! É, sim! É um roubo, mesmo, com certeza!\r\n    O que você acha, policial? O que é que a gente deve fazer?\r\n'),
(366, 18, 'N', 'N', 's3a+-', 'Na perseguição aos assaltantes, os policiais são alvo de disparos. ', '', '  Bom, se a gente ainda não sabia se eles tinham arma ou não, tá aí a informação que tava faltando! Não tem mais muita dúvida! Só não foi um jeito nada agradável de descobrir!\r\n    O que é que você acha dessa nossa situação, policial? Vamos fazer o quê?\r\n', '  Bom, se a gente ainda não sabia se eles tinham arma ou não, tá aí a informação que tava faltando! Não tem mais muita dúvida! Só não foi um jeito nada agradável de descobrir!\r\n    O que é que você acha dessa nossa situação, policial? Vamos fazer o quê?\r\n', '  Bom, se a gente ainda não sabia se eles tinham arma ou não, tá aí a informação que tava faltando! Não tem mais muita dúvida! Só não foi um jeito nada agradável de descobrir!\r\n    O que é que você acha dessa nossa situação, policial? Vamos fazer o quê?\r\n'),
(367, 18, 'N', 'N', 's3b+', 'Na perseguição aos assaltantes, os policiais são alvo de disparos. ', '', '  Bom, se a gente ainda não sabia se eles tinham arma ou não, tá aí a informação que tava faltando! Não tem mais muita dúvida! Só não foi um jeito nada agradável de descobrir!\r\n    O que é que você acha dessa nossa situação, policial? Vamos fazer o quê?\r\n', '  Bom, se a gente ainda não sabia se eles tinham arma ou não, tá aí a informação que tava faltando! Não tem mais muita dúvida! Só não foi um jeito nada agradável de descobrir!\r\n    O que é que você acha dessa nossa situação, policial? Vamos fazer o quê?\r\n', '  Bom, se a gente ainda não sabia se eles tinham arma ou não, tá aí a informação que tava faltando! Não tem mais muita dúvida! Só não foi um jeito nada agradável de descobrir!\r\n    O que é que você acha dessa nossa situação, policial? Vamos fazer o quê?\r\n'),
(368, 18, 'N', 'N', 's3b+-', '', '', '  Bom, se a gente ainda não sabia se eles tinham arma ou não, tá aí a informação que tava faltando! Não tem mais muita dúvida! Só não foi um jeito nada agradável de descobrir!\r\n    O que é que você acha dessa nossa situação, policial? Vamos fazer o quê?\r\n', '  Bom, se a gente ainda não sabia se eles tinham arma ou não, tá aí a informação que tava faltando! Não tem mais muita dúvida! Só não foi um jeito nada agradável de descobrir!\r\n    O que é que você acha dessa nossa situação, policial? Vamos fazer o quê?\r\n', '  Bom, se a gente ainda não sabia se eles tinham arma ou não, tá aí a informação que tava faltando! Não tem mais muita dúvida! Só não foi um jeito nada agradável de descobrir!\r\n    O que é que você acha dessa nossa situação, policial? Vamos fazer o quê?\r\n'),
(369, 18, 'N', 'N', 's2+', 'No local da ocorrência, os policiais obtém informações. ', '', 'Então, policial, parece que são dois assaltantes. Pelo que eu entendi, acabaram fugir, agora mesmo. Parece que desceram a Avenida Rei Pelé, sentido Capelinha. Só não consegui descobrir de jeito nenhum se eles estão armados... O que é que gente faz, policial?\r\n', 'Então, policial, parece que são dois assaltantes. Pelo que eu entendi, acabaram fugir, agora mesmo. Parece que desceram a Avenida Rei Pelé, sentido Capelinha. Só não consegui descobrir de jeito nenhum se eles estão armados... O que é que gente faz, policial?\r\n', 'Então, policial, parece que são dois assaltantes. Pelo que eu entendi, acabaram fugir, agora mesmo. Parece que desceram a Avenida Rei Pelé, sentido Capelinha. Só não consegui descobrir de jeito nenhum se eles estão armados... O que é que gente faz, policial?\r\n'),
(370, 18, 'N', 'N', 's4a+', '', '', '  É, eles com certeza já estão vendo que estão cercados. E com certeza também já estão entendendo que a situação deles tá bem complicada...\r\n    Mas, mesmo assim, não estão largando as armas!\r\n    O que é que a gente faz, então, policial?\r\n\r\n', '  É, eles com certeza já estão vendo que estão cercados. E com certeza também já estão entendendo que a situação deles tá bem complicada...\r\n    Mas, mesmo assim, não estão largando as armas!\r\n    O que é que a gente faz, então, policial?\r\n\r\n', '  É, eles com certeza já estão vendo que estão cercados. E com certeza também já estão entendendo que a situação deles tá bem complicada...\r\n    Mas, mesmo assim, não estão largando as armas!\r\n    O que é que a gente faz, então, policial?\r\n\r\n'),
(371, 18, 'N', 'N', 's2+-', 'No local da ocorrência, os policiais obtém informações. ', '', 'Então, policial, parece que são dois assaltantes. Pelo que eu entendi, acabaram fugir, agora mesmo. Parece que desceram a Avenida Rei Pelé, sentido Capelinha. Só não consegui descobrir de jeito nenhum se eles estão armados... O que é que gente faz, policial?\r\n', 'Então, policial, parece que são dois assaltantes. Pelo que eu entendi, acabaram fugir, agora mesmo. Parece que desceram a Avenida Rei Pelé, sentido Capelinha. Só não consegui descobrir de jeito nenhum se eles estão armados... O que é que gente faz, policial?\r\n', 'Então, policial, parece que são dois assaltantes. Pelo que eu entendi, acabaram fugir, agora mesmo. Parece que desceram a Avenida Rei Pelé, sentido Capelinha. Só não consegui descobrir de jeito nenhum se eles estão armados... O que é que gente faz, policial?\r\n'),
(372, 18, 'N', 'N', 's4b+', '', '', '  É, eles com certeza já estão vendo que estão cercados. E com certeza também já estão entendendo que a situação deles tá bem complicada...\r\n    Mas, mesmo assim, não estão largando as armas!\r\n    O que é que a gente faz, então, policial?\r\n\r\n', '  É, eles com certeza já estão vendo que estão cercados. E com certeza também já estão entendendo que a situação deles tá bem complicada...\r\n    Mas, mesmo assim, não estão largando as armas!\r\n    O que é que a gente faz, então, policial?\r\n\r\n', '  É, eles com certeza já estão vendo que estão cercados. E com certeza também já estão entendendo que a situação deles tá bem complicada...\r\n    Mas, mesmo assim, não estão largando as armas!\r\n    O que é que a gente faz, então, policial?\r\n\r\n'),
(373, 18, 'N', 'N', 's4c+', '', '', '  É, eles com certeza já estão vendo que estão cercados. E com certeza também já estão entendendo que a situação deles tá bem complicada...\r\n    Mas, mesmo assim, não estão largando as armas!\r\n    O que é que a gente faz, então, policial?\r\n\r\n', '  É, eles com certeza já estão vendo que estão cercados. E com certeza também já estão entendendo que a situação deles tá bem complicada...\r\n    Mas, mesmo assim, não estão largando as armas!\r\n    O que é que a gente faz, então, policial?\r\n\r\n', '  É, eles com certeza já estão vendo que estão cercados. E com certeza também já estão entendendo que a situação deles tá bem complicada...\r\n    Mas, mesmo assim, não estão largando as armas!\r\n    O que é que a gente faz, então, policial?\r\n\r\n'),
(374, 18, 'N', 'N', 's4d+', '', '', '  É, eles com certeza já estão vendo que estão cercados. E com certeza também já estão entendendo que a situação deles tá bem complicada...\r\n    Mas, mesmo assim, não estão largando as armas!\r\n    O que é que a gente faz, então, policial?\r\n\r\n', '  É, eles com certeza já estão vendo que estão cercados. E com certeza também já estão entendendo que a situação deles tá bem complicada...\r\n    Mas, mesmo assim, não estão largando as armas!\r\n    O que é que a gente faz, então, policial?\r\n\r\n', '  É, eles com certeza já estão vendo que estão cercados. E com certeza também já estão entendendo que a situação deles tá bem complicada...\r\n    Mas, mesmo assim, não estão largando as armas!\r\n    O que é que a gente faz, então, policial?\r\n\r\n'),
(375, 6, 'Y', 'N', 's.preconceito', 'Numa operação de abordagem de veículos, os policiais encontram três carros suspeitos. ', '', 'Quando parar os carros, policial, basta ter sempre em mente as prioridades dessa operação. Apreensão de armas, drogas, carros roubados e de documentação irregular, nessa ordem. Não tem problema nenhum: é se concentrar nisso e proceder normalmente. \r\n', 'Quando parar os carros, policial, basta ter sempre em mente as prioridades dessa operação. Apreensão de armas, drogas, carros roubados e de documentação irregular, nessa ordem. Não tem problema nenhum: é se concentrar nisso e proceder normalmente. \r\n', 'Quando parar os carros, policial, basta ter sempre em mente as prioridades dessa operação. Apreensão de armas, drogas, carros roubados e de documentação irregular, nessa ordem. Não tem problema nenhum: é se concentrar nisso e proceder normalmente. \r\n'),
(376, 6, 'N', 'N', 's1', 'Os policiais abordam um carro. ', '', '    Dá licença, policial, me  diz uma coisa aqui, por favor: como é que você acha que a gente tem que fazer com esse carro?\r\n    Quer dizer, qual você acha que tem que ser o  procedimento dessa abordagem? \r\n', '    Dá licença, policial, me  diz uma coisa aqui, por favor: como é que você acha que a gente tem que fazer com esse carro?\r\n    Quer dizer, qual você acha que tem que ser o  procedimento dessa abordagem? \r\n', '    Dá licença, policial, me  diz uma coisa aqui, por favor: como é que você acha que a gente tem que fazer com esse carro?\r\n    Quer dizer, qual você acha que tem que ser o  procedimento dessa abordagem? \r\n'),
(377, 6, 'N', 'N', 's2+', 'Os policiais fazem a revista pessoal.  ', '', '   Olha, na revista pessoal eu não encontrei nenhuma irregularidade, não.     Não tinha nenhuma arma, nenhuma droga, nada disso. E a documentação tava toda certinha também.    Qual você acha que é o procedimento agora, então?', '   Olha, na revista pessoal eu não encontrei nenhuma irregularidade, não.     Não tinha nenhuma arma, nenhuma droga, nada disso. E a documentação tava toda certinha também.    Qual você acha que é o procedimento agora, então?', '   Olha, na revista pessoal eu não encontrei nenhuma irregularidade, não.     Não tinha nenhuma arma, nenhuma droga, nada disso. E a documentação tava toda certinha também.    Qual você acha que é o procedimento agora, então?'),
(378, 6, 'N', 'N', 's2+-', 'Os policiais fazem a revista pessoal.  ', '', '   Olha, na revista pessoal eu não encontrei nenhuma irregularidade, não.     Não tinha nenhuma arma, nenhuma droga, nada disso. E a documentação tava toda certinha também.    Qual você acha que é o procedimento agora, então?', '   Olha, na revista pessoal eu não encontrei nenhuma irregularidade, não.     Não tinha nenhuma arma, nenhuma droga, nada disso. E a documentação tava toda certinha também.    Qual você acha que é o procedimento agora, então?', '   Olha, na revista pessoal eu não encontrei nenhuma irregularidade, não.     Não tinha nenhuma arma, nenhuma droga, nada disso. E a documentação tava toda certinha também.    Qual você acha que é o procedimento agora, então?'),
(379, 6, 'N', 'N', 's3a+', 'Os policiais partem para a revista do veículo. O motorista se opõe. ', '', 'Seu policial, o senhor por favor me desculpe se eu tiver errado. Eu não sou muito entendido do assunto, não. Mas é que, até onde eu sei, o senhor só pode revistar meu carro se tiver um documento que dê autorização oficial para isso... ', 'Olha, aí o senhor vai precisar me mostrar um documento que autoriza essa revista do meu carro… Se o senhor tiver o documento, pode revistar tudo à vontade que eu não vou me opor. Mas, sem o documento, eu não vou concordar com essa revista, não… ', 'Ah, não! Não senhor, seu policial! O senhor não pode revistar meu carro assim, não! Carro é que nem casa, seu policial! Você só pode revistar se tiver um documento dando autorização! Enquanto esse documento não estiver na minha mão, ninguém encosta no meu carro! '),
(380, 6, 'N', 'N', 's3a+-', 'Os policiais partem para a revista do veículo. O motorista se opõe. ', '', '    Seu policial, o senhor por favor me desculpe se eu tiver errado. Eu não sou muito entendido do assunto, não. Mas é que, até onde eu sei, o senhor só pode revistar meu carro se tiver um documento que dê autorização oficial para isso... ', 'Olha, aí o senhor vai precisar me mostrar um documento que autoriza essa revista do meu carro… Se o senhor tiver o documento, pode revistar tudo à vontade que eu não vou me opor. Mas, sem o documento, eu não vou concordar com essa revista, não… ', 'Ah, não! Não senhor, seu policial! O senhor não pode revistar meu carro assim, não! Carro é que nem casa, seu policial! Você só pode revistar se tiver um documento dando autorização! Enquanto esse documento não estiver na minha mão, ninguém encosta no meu carro! '),
(381, 6, 'N', 'N', 's3b+', 'Os policiais partem para a revista do veículo. O motorista se opõe. ', '', 'Seu policial, o senhor por favor me desculpe se eu tiver errado. Eu não sou muito entendido do assunto, não. Mas é que, até onde eu sei, o senhor só pode revistar meu carro se tiver um documento que dê autorização oficial para isso...  ', ' Olha, aí o senhor vai precisar me mostrar um documento que autoriza essa revista do meu carro… Se o senhor tiver o documento, pode revistar tudo à vontade que eu não vou me opor. Mas, sem o documento, eu não vou concordar com essa revista, não…  ', 'Ah, não! Não senhor, seu policial! O senhor não pode revistar meu carro assim, não! Carro é que nem casa, seu policial! Você só pode revistar se tiver um documento dando autorização! Enquanto esse documento não estiver na minha mão, ninguém encosta no meu carro! '),
(382, 6, 'N', 'N', 's3b+-', 'Os policiais partem para a revista do veículo. O motorista se opõe. ', '', 'Seu policial, o senhor por favor me desculpe se eu tiver errado. Eu não sou muito entendido do assunto, não. Mas é que, até onde eu sei, o senhor só pode revistar meu carro se tiver um documento que dê autorização oficial para isso...  ', 'Olha, aí o senhor vai precisar me mostrar um documento que autoriza essa revista do meu carro… Se o senhor tiver o documento, pode revistar tudo à vontade que eu não vou me opor. Mas, sem o documento, eu não vou concordar com essa revista, não…  ', 'Ah, não! Não senhor, seu policial! O senhor não pode revistar meu carro assim, não! Carro é que nem casa, seu policial! Você só pode revistar se tiver um documento dando autorização! Enquanto esse documento não estiver na minha mão, ninguém encosta no meu carro! '),
(383, 6, 'N', 'N', 's4a+', 'Os policiais revistam o veículo. ', '', ' Policial, encontrei drogas no veículo. \r\n    Qual é a sua opinião? O que é que você acha que tem que ser feito?\r\n    Quer dizer, como é que você aconselha que a gente encaminhe essa situação? ', ' Policial, encontrei drogas no veículo. \r\n    Qual é a sua opinião? O que é que você acha que tem que ser feito?\r\n    Quer dizer, como é que você aconselha que a gente encaminhe essa situação? ', ' Policial, encontrei drogas no veículo. \r\n    Qual é a sua opinião? O que é que você acha que tem que ser feito?\r\n    Quer dizer, como é que você aconselha que a gente encaminhe essa situação? '),
(384, 6, 'N', 'N', 's4b+', 'Os policiais revistam o veículo. ', '', ' Policial, encontrei drogas no veículo. \r\n    Qual é a sua opinião? O que é que você acha que tem que ser feito?\r\n    Quer dizer, como é que você aconselha que a gente encaminhe essa situação? ', ' Policial, encontrei drogas no veículo. \r\n    Qual é a sua opinião? O que é que você acha que tem que ser feito?\r\n    Quer dizer, como é que você aconselha que a gente encaminhe essa situação? ', ' Policial, encontrei drogas no veículo. \r\n    Qual é a sua opinião? O que é que você acha que tem que ser feito?\r\n    Quer dizer, como é que você aconselha que a gente encaminhe essa situação? '),
(385, 6, 'N', 'N', 's4c+', 'Os policiais revistam o veículo. ', '', ' Policial, encontrei drogas no veículo. \r\n    Qual é a sua opinião? O que é que você acha que tem que ser feito?\r\n    Quer dizer, como é que você aconselha que a gente encaminhe essa situação? ', ' Policial, encontrei drogas no veículo. \r\n    Qual é a sua opinião? O que é que você acha que tem que ser feito?\r\n    Quer dizer, como é que você aconselha que a gente encaminhe essa situação? ', ' Policial, encontrei drogas no veículo. \r\n    Qual é a sua opinião? O que é que você acha que tem que ser feito?\r\n    Quer dizer, como é que você aconselha que a gente encaminhe essa situação? '),
(386, 6, 'N', 'N', 's4d+', 'Os policiais revistam o veículo. ', '', '    Policial, encontrei drogas no veículo. \r\n    Qual é a sua opinião? O que é que você acha que tem que ser feito?\r\n    Quer dizer, como é que você aconselha que a gente encaminhe essa situação? ', '    Policial, encontrei drogas no veículo. \r\n    Qual é a sua opinião? O que é que você acha que tem que ser feito?\r\n    Quer dizer, como é que você aconselha que a gente encaminhe essa situação? ', '    Policial, encontrei drogas no veículo. \r\n    Qual é a sua opinião? O que é que você acha que tem que ser feito?\r\n    Quer dizer, como é que você aconselha que a gente encaminhe essa situação? ');

-- --------------------------------------------------------

--
-- Table structure for table `usuarios`
--

CREATE TABLE `usuarios` (
  `id_usuario` int(11) NOT NULL auto_increment,
  `nome` varchar(150) collate latin1_general_ci NOT NULL,
  `cpf` varchar(15) collate latin1_general_ci NOT NULL,
  `email` varchar(80) collate latin1_general_ci NOT NULL,
  `login` varchar(20) collate latin1_general_ci NOT NULL,
  `senha` varchar(20) collate latin1_general_ci NOT NULL,
  PRIMARY KEY  (`id_usuario`)
) ENGINE=MyISAM DEFAULT CHARSET=latin1 COLLATE=latin1_general_ci AUTO_INCREMENT=1 ;

--
-- Dumping data for table `usuarios`
--


/*!40101 SET CHARACTER_SET_CLIENT=@OLD_CHARACTER_SET_CLIENT */;
/*!40101 SET CHARACTER_SET_RESULTS=@OLD_CHARACTER_SET_RESULTS */;
/*!40101 SET COLLATION_CONNECTION=@OLD_COLLATION_CONNECTION */;
